-- --------------------------------------------------------
-- Host:                         127.0.0.1
-- Server version:               10.4.32-MariaDB - mariadb.org binary distribution
-- Server OS:                    Win64
-- HeidiSQL Version:             12.8.0.6908
-- --------------------------------------------------------

/*!40101 SET @OLD_CHARACTER_SET_CLIENT=@@CHARACTER_SET_CLIENT */;
/*!40101 SET NAMES utf8 */;
/*!50503 SET NAMES utf8mb4 */;
/*!40103 SET @OLD_TIME_ZONE=@@TIME_ZONE */;
/*!40103 SET TIME_ZONE='+00:00' */;
/*!40014 SET @OLD_FOREIGN_KEY_CHECKS=@@FOREIGN_KEY_CHECKS, FOREIGN_KEY_CHECKS=0 */;
/*!40101 SET @OLD_SQL_MODE=@@SQL_MODE, SQL_MODE='NO_AUTO_VALUE_ON_ZERO' */;
/*!40111 SET @OLD_SQL_NOTES=@@SQL_NOTES, SQL_NOTES=0 */;


-- Dumping database structure for web_eyestyle
CREATE DATABASE IF NOT EXISTS `web_eyestyle` /*!40100 DEFAULT CHARACTER SET utf8mb4 COLLATE utf8mb4_general_ci */;
USE `web_eyestyle`;

-- Dumping structure for table web_eyestyle.brands
CREATE TABLE IF NOT EXISTS `brands` (
  `id` int(11) NOT NULL,
  `name` varchar(255) DEFAULT NULL,
  `created_at` datetime DEFAULT NULL,
  `updated_at` datetime DEFAULT NULL,
  PRIMARY KEY (`id`)
) ENGINE=InnoDB DEFAULT CHARSET=utf8mb4 COLLATE=utf8mb4_general_ci;

-- Dumping data for table web_eyestyle.brands: ~24 rows (approximately)
INSERT INTO `brands` (`id`, `name`, `created_at`, `updated_at`) VALUES
	(1, 'Dior', '2024-12-17 17:41:13', '2024-12-17 17:42:55'),
	(2, 'Cartier', '2024-12-17 17:43:15', '2024-12-17 17:43:16'),
	(3, 'Versace', '2024-12-17 17:43:41', '2024-12-17 17:43:43'),
	(4, 'Gucci', '2024-12-17 17:44:03', '2024-12-17 17:44:05'),
	(5, 'Montblanc', '2024-12-17 17:44:36', '2024-12-17 17:44:37'),
	(6, 'RayBan', '2024-12-17 17:44:59', '2024-12-17 17:45:01'),
	(7, 'Burberry', '2024-12-17 17:45:22', '2024-12-17 17:45:23'),
	(8, 'Prada', '2024-12-17 17:45:44', '2024-12-17 17:45:45'),
	(9, 'Police', '2024-12-17 17:46:13', '2024-12-17 17:46:14'),
	(10, 'Chopard', '2024-12-17 17:46:37', '2024-12-17 17:46:38'),
	(11, 'Daniel Wellington', '2024-12-17 17:47:23', '2024-12-17 17:47:24'),
	(12, 'Parim', '2024-12-17 17:49:58', '2024-12-17 17:50:00'),
	(13, 'Okley', '2024-12-17 17:50:29', '2024-12-17 17:50:31'),
	(14, 'Molsion', '2024-12-17 17:50:51', '2024-12-17 17:50:52'),
	(15, 'Exfash', '2024-12-17 17:51:15', '2024-12-17 17:51:18'),
	(16, 'Furla', '2024-12-17 17:51:38', '2024-12-17 17:51:40'),
	(17, 'Bolon', '2024-12-17 17:52:03', '2024-12-17 17:52:05'),
	(18, 'Eyescloud', '2024-12-17 17:52:31', '2024-12-17 17:52:32'),
	(19, 'Acuvue', '2024-12-18 12:16:51', '2024-12-18 12:16:52'),
	(20, 'TOG', '2024-12-18 12:17:14', '2024-12-18 12:17:16'),
	(21, 'Essilor', '2024-12-18 12:17:35', '2024-12-18 12:17:36'),
	(22, 'RodenStock', '2024-12-18 12:17:55', '2024-12-18 12:17:56'),
	(23, 'Zeiss', '2024-12-18 12:18:10', '2024-12-18 12:18:13'),
	(24, 'Levanlens', '2024-12-18 12:18:28', '2024-12-18 12:18:28');

-- Dumping structure for table web_eyestyle.categories
CREATE TABLE IF NOT EXISTS `categories` (
  `id` int(11) NOT NULL,
  `name` varchar(255) DEFAULT NULL,
  `status` int(11) DEFAULT NULL,
  `hot` int(11) DEFAULT NULL,
  `created_at` datetime DEFAULT NULL,
  `updated_at` datetime DEFAULT NULL,
  PRIMARY KEY (`id`)
) ENGINE=InnoDB DEFAULT CHARSET=utf8mb4 COLLATE=utf8mb4_general_ci;

-- Dumping data for table web_eyestyle.categories: ~13 rows (approximately)
INSERT INTO `categories` (`id`, `name`, `status`, `hot`, `created_at`, `updated_at`) VALUES
	(1, 'Mắt kính cận nam', 1, 1, '2024-06-17 08:00:00', '2024-06-17 08:00:00'),
	(2, 'Mắt kính cận nữ', 1, 1, '2024-06-17 08:05:00', '2024-06-17 08:05:00'),
	(3, 'Mắt kính trẻ em', 1, 0, '2024-06-17 08:10:00', '2024-06-17 08:10:00'),
	(4, 'Kính râm', 1, 1, '2024-06-17 08:15:00', '2024-06-17 08:15:00'),
	(5, 'Kính cận', 1, 0, '2024-06-17 08:20:00', '2024-06-17 08:20:00'),
	(6, 'Kính không độ', 1, 1, '2024-06-17 08:25:00', '2024-06-17 08:25:00'),
	(7, 'Kính áp tròng', 1, 0, '2024-06-17 08:30:00', '2024-06-17 08:30:00'),
	(8, 'Kính thời trang cao cấp', 1, 1, '2024-06-17 08:35:00', '2024-06-17 08:35:00'),
	(9, 'Phụ kiện kính', 1, 0, '2024-06-17 08:40:00', '2024-06-17 08:40:00'),
	(10, 'Mắt kính unisex', 1, 1, '2024-06-17 22:43:18', '2024-06-17 22:43:23'),
	(11, 'Đơn tròng', 1, 1, '2024-12-18 12:30:36', '2024-12-18 12:30:37'),
	(12, 'Đa Tròng', 1, 0, '2024-12-18 12:30:54', '2024-12-18 12:30:55'),
	(13, 'Hai Tròng', 1, 0, '2024-12-18 12:31:08', '2024-12-18 12:31:08');

-- Dumping structure for table web_eyestyle.discounts
CREATE TABLE IF NOT EXISTS `discounts` (
  `id` int(11) NOT NULL AUTO_INCREMENT,
  `code` varchar(255) DEFAULT NULL,
  `description` varchar(255) DEFAULT NULL,
  `discount_percentage` double DEFAULT NULL,
  `status` int(11) DEFAULT NULL,
  PRIMARY KEY (`id`)
) ENGINE=InnoDB AUTO_INCREMENT=26 DEFAULT CHARSET=utf8mb4 COLLATE=utf8mb4_general_ci;

-- Dumping data for table web_eyestyle.discounts: ~25 rows (approximately)
INSERT INTO `discounts` (`id`, `code`, `description`, `discount_percentage`, `status`) VALUES
	(1, 'DISCOUNT10', 'Giảm giá 10% cho đơn hàng đầu tiên', 10, 1),
	(2, 'SUMMER20', 'Khuyến mãi mùa hè, giảm 20%', 20, 1),
	(3, 'VIP30', 'Ưu đãi dành cho khách VIP, giảm 30%', 30, 1),
	(4, 'BLACKFRIDAY50', 'Khuyến mãi Black Friday, giảm 50%', 50, 1),
	(5, 'FREESHIP', 'Miễn phí vận chuyển cho đơn trên 500k', 0, 1),
	(6, 'SALE15', 'Giảm giá 15% tất cả sản phẩm hot', 15, 1),
	(7, 'CODE25', 'Mã giảm giá đặc biệt, giảm 25%', 25, 0),
	(8, 'NEWYEAR2024', 'Ưu đãi chào năm mới 2024, giảm 20%', 20, 1),
	(9, 'MIDYEAR10', 'Giảm 10% giữa năm cho đơn từ 300k', 10, 1),
	(10, 'XMAS40', 'Giáng sinh vui vẻ - Giảm 40%', 40, 1),
	(11, 'FLASHSALE5', 'Giảm 5% cho tất cả đơn hàng trong giờ flash sale', 5, 1),
	(12, 'WELCOME2024', 'Chào mừng khách hàng mới năm 2024, giảm 15%', 15, 1),
	(13, 'BIGSALE60', 'Siêu giảm giá cuối mùa, giảm đến 60%', 60, 1),
	(14, 'LOYALTY25', 'Dành cho khách hàng thân thiết, giảm 25%', 25, 0),
	(15, 'WEEKEND10', 'Giảm giá 10% vào các ngày cuối tuần', 10, 1),
	(16, 'HOLIDAY50', 'Khuyến mãi ngày lễ đặc biệt, giảm 50%', 50, 1),
	(17, 'CLEARANCE30', 'Xả kho sản phẩm tồn, giảm 30%', 30, 1),
	(18, 'BIRTHDAY20', 'Ưu đãi sinh nhật khách hàng, giảm 20%', 20, 1),
	(19, 'REFERFRIEND', 'Giảm 15% khi giới thiệu bạn bè mua hàng', 15, 1),
	(20, 'STUDENT15', 'Ưu đãi dành cho sinh viên, giảm 15%', 15, 1),
	(21, 'FESTIVE40', 'Khuyến mãi mùa lễ hội, giảm 40%', 40, 1),
	(22, 'VALENTINE20', 'Khuyến mãi ngày Valentine, giảm 20%', 20, 1),
	(23, 'CYBERMONDAY45', 'Khuyến mãi Cyber Monday, giảm 45%', 45, 1),
	(24, 'EIDSALE25', 'Khuyến mãi đặc biệt Eid, giảm 25%', 25, 1),
	(25, 'TEACHERDAY10', 'Tri ân ngày Nhà giáo, giảm 10% cho tất cả đơn', 10, 1);

-- Dumping structure for table web_eyestyle.feedbacks
CREATE TABLE IF NOT EXISTS `feedbacks` (
  `id` int(11) NOT NULL AUTO_INCREMENT,
  `name` varchar(255) DEFAULT NULL,
  `email` varchar(255) DEFAULT NULL,
  `message` text DEFAULT NULL,
  `response` text DEFAULT NULL,
  `status` tinyint(1) DEFAULT NULL,
  `created_at` datetime DEFAULT NULL,
  `updated_at` datetime DEFAULT NULL,
  PRIMARY KEY (`id`)
) ENGINE=InnoDB AUTO_INCREMENT=16 DEFAULT CHARSET=utf8mb4 COLLATE=utf8mb4_general_ci;

-- Dumping data for table web_eyestyle.feedbacks: ~15 rows (approximately)
INSERT INTO `feedbacks` (`id`, `name`, `email`, `message`, `response`, `status`, `created_at`, `updated_at`) VALUES
	(1, 'Phan Thị Lệ', 'phanthile@gmail.com', 'Shop còn tuyển nhân viên không?', NULL, 0, '2024-12-17 08:58:18', '2024-12-17 08:58:18'),
	(2, 'Nguyễn Minh Tuấn', 'nguyenminhtuan@gmail.com', 'Chất liệu của sản phẩm là gì vậy?', NULL, 0, '2024-12-17 08:58:18', '2024-12-17 08:58:18'),
	(3, 'Lý Gia Hân', 'lygiah@gmail.com', 'Mình đặt hàng rồi, khi nào giao tới?', NULL, 0, '2024-12-17 08:58:18', '2024-12-17 08:58:18'),
	(4, 'Trần Quốc Đạt', 'tranquocdat@gmail.com', 'Có áp dụng mã giảm giá nào cho đơn của tôi không?', NULL, 0, '2024-12-17 08:58:18', '2024-12-17 08:58:18'),
	(5, 'Đặng Hồng Phúc', 'danghongphuc@gmail.com', 'Tôi cần hóa đơn VAT, shop hỗ trợ không?', NULL, 0, '2024-12-17 08:58:18', '2024-12-17 08:58:18'),
	(6, 'Ngô Thu Hà', 'ngothuha@gmail.com', 'Sản phẩm màu đỏ còn không shop?', NULL, 0, '2024-12-17 08:58:18', '2024-12-17 08:58:18'),
	(7, 'Trần Khánh Linh', 'trankhanhlinh@gmail.com', 'Tôi cần đổi địa chỉ nhận hàng, làm thế nào?', NULL, 0, '2024-12-17 08:58:18', '2024-12-17 08:58:18'),
	(8, 'Hoàng Văn Nam', 'hoangvannam@gmail.com', 'Shop có bảo hành chính hãng không?', NULL, 0, '2024-12-17 08:58:18', '2024-12-17 08:58:18'),
	(9, 'Lê Thảo Vy', 'lethaovy@gmail.com', 'Hỗ trợ tôi kiểm tra tình trạng đơn hàng nhé!', NULL, 0, '2024-12-17 08:58:18', '2024-12-17 08:58:18'),
	(10, 'Nguyễn Quốc Huy', 'nguyenquochuy@gmail.com', 'Sản phẩm này có màu nào vậy shop?', NULL, 0, '2024-12-17 08:58:18', '2024-12-17 08:58:18'),
	(11, 'Võ Minh Kỳ', 'vominhky@gmail.com', 'Shop có khuyến mãi gì trong tháng này không?', NULL, 0, '2024-12-17 08:58:18', '2024-12-17 08:58:18'),
	(12, 'Phạm Hữu Nghĩa', 'phamhuunghia@gmail.com', 'Thời gian giao hàng là bao lâu vậy?', NULL, 0, '2024-12-17 08:58:18', '2024-12-17 08:58:18'),
	(13, 'Nguyễn Thanh Trúc', 'nguyenthanhtruc@gmail.com', 'Cho tôi xin chính sách đổi trả sản phẩm.', NULL, 0, '2024-12-17 08:58:18', '2024-12-17 08:58:18'),
	(14, 'Đỗ Bảo An', 'dobaoan@gmail.com', 'Sản phẩm này phù hợp cho nam hay nữ vậy?', NULL, 0, '2024-12-17 08:58:18', '2024-12-17 08:58:18'),
	(15, 'Lâm Ngọc Yến', 'lamngocyen@gmail.com', 'Làm sao để hủy đơn hàng đã đặt?', NULL, 0, '2024-12-17 08:58:18', '2024-12-17 08:58:18');

-- Dumping structure for table web_eyestyle.frame_shapes
CREATE TABLE IF NOT EXISTS `frame_shapes` (
  `id` int(11) NOT NULL,
  `name` varchar(255) DEFAULT NULL,
  PRIMARY KEY (`id`)
) ENGINE=InnoDB DEFAULT CHARSET=utf8mb4 COLLATE=utf8mb4_general_ci;

-- Dumping data for table web_eyestyle.frame_shapes: ~9 rows (approximately)
INSERT INTO `frame_shapes` (`id`, `name`) VALUES
	(1, 'Vuông'),
	(2, 'Tròn'),
	(3, 'Bầu dục'),
	(4, 'Mắt mèo'),
	(5, 'Phi công '),
	(6, 'Cánh bướm'),
	(7, 'Chữ nhật'),
	(8, 'Đa giác'),
	(9, 'Hình thang');

-- Dumping structure for table web_eyestyle.orders
CREATE TABLE IF NOT EXISTS `orders` (
  `id` int(11) NOT NULL AUTO_INCREMENT,
  `price` double DEFAULT NULL,
  `user_id` int(11) DEFAULT NULL,
  `total_quantity` int(11) DEFAULT NULL,
  `status_payment` int(11) DEFAULT NULL,
  `status_transport` int(11) DEFAULT NULL,
  `discount_id` int(11) DEFAULT NULL,
  `total_discount` double DEFAULT NULL,
  `total_price` double DEFAULT NULL,
  `note` text DEFAULT NULL,
  `created_at` datetime DEFAULT NULL,
  `updated_at` datetime DEFAULT NULL,
  PRIMARY KEY (`id`),
  KEY `user_id` (`user_id`),
  KEY `discount_id` (`discount_id`),
  CONSTRAINT `orders_ibfk_1` FOREIGN KEY (`user_id`) REFERENCES `users` (`id`),
  CONSTRAINT `orders_ibfk_2` FOREIGN KEY (`discount_id`) REFERENCES `discounts` (`id`)
) ENGINE=InnoDB AUTO_INCREMENT=21 DEFAULT CHARSET=utf8mb4 COLLATE=utf8mb4_general_ci;

-- Dumping data for table web_eyestyle.orders: ~20 rows (approximately)
INSERT INTO `orders` (`id`, `price`, `user_id`, `total_quantity`, `status_payment`, `status_transport`, `discount_id`, `total_discount`, `total_price`, `note`, `created_at`, `updated_at`) VALUES
	(1, 8000000, NULL, 3, 1, 1, 1, 800000, 7200000, 'Giao hàng nhanh, mong sớm nhận được', '2024-12-17 09:48:12', '2024-12-17 09:48:12'),
	(2, 14000000, NULL, 5, 0, 0, 2, 2800000, 11200000, 'Thanh toán khi nhận hàng', '2024-12-17 09:48:12', '2024-12-17 09:48:12'),
	(3, 4700000, NULL, 1, 1, 1, 3, 1410000, 3290000, 'Yêu cầu giao vào chiều mai', '2024-12-17 09:48:12', '2024-12-17 09:48:12'),
	(4, 16900000, NULL, 2, 1, 0, NULL, 0, 16900000, 'Giao nhanh, hỗ trợ kiểm tra sản phẩm', '2024-12-17 09:48:12', '2024-12-17 09:48:12'),
	(5, 21000000, NULL, 3, 0, 1, 4, 10500000, 10500000, 'Giao hàng hẹn trước', '2024-12-17 09:48:12', '2024-12-17 09:48:12'),
	(6, 1800000, NULL, 2, 1, 0, 5, 0, 1800000, 'Mong muốn đổi sản phẩm nếu không hài lòng', '2024-12-17 09:48:12', '2024-12-17 09:48:12'),
	(7, 35000000, NULL, 4, 1, 1, NULL, 0, 35000000, 'Cần kiểm tra kỹ khi giao hàng', '2024-12-17 09:48:12', '2024-12-17 09:48:12'),
	(8, 14600000, NULL, 3, 1, 1, 6, 2190000, 12410000, 'Hỗ trợ đổi sản phẩm', '2024-12-17 09:48:12', '2024-12-17 09:48:12'),
	(9, 33000000, NULL, 6, 0, 0, 7, 8250000, 24750000, 'Yêu cầu thanh toán qua chuyển khoản', '2024-12-17 09:48:12', '2024-12-17 09:48:12'),
	(10, 4000000, NULL, 3, 1, 0, 8, 800000, 3200000, 'Yêu cầu giao hàng vào cuối tuần', '2024-12-17 09:48:12', '2024-12-17 09:48:12'),
	(11, 47000000, NULL, 4, 1, 1, 9, 4700000, 42300000, 'Đặt hàng cho quà tặng sinh nhật', '2024-12-17 09:48:12', '2024-12-17 09:48:12'),
	(12, 3000000, NULL, 5, 0, 0, 10, 1200000, 1800000, 'Mong muốn giao hàng vào buổi sáng', '2024-12-17 09:48:12', '2024-12-17 09:48:12'),
	(13, 500000, NULL, 8, 1, 1, NULL, 0, 500000, 'Sản phẩm bị lỗi, cần hỗ trợ đổi', '2024-12-17 09:48:12', '2024-12-17 09:48:12'),
	(14, 1800000, NULL, 3, 0, 0, 11, 90000, 1710000, 'Khuyến mãi áp dụng cho tất cả sản phẩm', '2024-12-17 09:48:12', '2024-12-17 09:48:12'),
	(15, 13500000, NULL, 2, 1, 1, 12, 2025000, 11475000, 'Thanh toán qua ví điện tử', '2024-12-17 09:48:12', '2024-12-17 09:48:12'),
	(16, 6000000, NULL, 4, 1, 0, 13, 3600000, 2400000, 'Sản phẩm còn mới, yêu cầu giao gấp', '2024-12-17 09:48:12', '2024-12-17 09:48:12'),
	(17, 12000000, NULL, 5, 0, 0, 14, 3000000, 9000000, 'Giảm giá cho khách hàng thân thiết', '2024-12-17 09:48:12', '2024-12-17 09:48:12'),
	(18, 15600000, NULL, 1, 1, 1, 15, 1560000, 14040000, 'Nhận hàng trong vòng 24h', '2024-12-17 09:48:12', '2024-12-17 09:48:12'),
	(19, 1800000, NULL, 7, 0, 0, 16, 900000, 900000, 'Đặt hàng cho các sự kiện', '2024-12-17 09:48:12', '2024-12-17 09:48:12'),
	(20, 900000, NULL, 3, 1, 1, NULL, 0, 900000, 'Đặt sản phẩm từ lâu, cần giao ngay', '2024-12-17 09:48:12', '2024-12-17 09:48:12');

-- Dumping structure for table web_eyestyle.order_details
CREATE TABLE IF NOT EXISTS `order_details` (
  `id` int(11) NOT NULL AUTO_INCREMENT,
  `order_id` int(11) DEFAULT NULL,
  `product_id` int(11) DEFAULT NULL,
  `quantity` int(11) DEFAULT NULL,
  `total_price` double DEFAULT NULL,
  `created_at` datetime DEFAULT NULL,
  `updated_at` datetime DEFAULT NULL,
  PRIMARY KEY (`id`),
  KEY `order_id` (`order_id`),
  KEY `product_id` (`product_id`),
  CONSTRAINT `order_details_ibfk_1` FOREIGN KEY (`order_id`) REFERENCES `orders` (`id`),
  CONSTRAINT `order_details_ibfk_2` FOREIGN KEY (`product_id`) REFERENCES `products` (`id`)
) ENGINE=InnoDB AUTO_INCREMENT=29 DEFAULT CHARSET=utf8mb4 COLLATE=utf8mb4_general_ci;

-- Dumping data for table web_eyestyle.order_details: ~28 rows (approximately)
INSERT INTO `order_details` (`id`, `order_id`, `product_id`, `quantity`, `total_price`, `created_at`, `updated_at`) VALUES
	(1, 1, 14, 2, 7000000, '2024-12-17 10:33:40', '2024-12-17 10:33:40'),
	(2, 1, 119, 1, 1000000, '2024-12-17 10:33:40', '2024-12-17 10:33:40'),
	(3, 2, 129, 3, 9000000, '2024-12-17 10:33:40', '2024-12-17 10:33:40'),
	(4, 2, 132, 2, 5000000, '2024-12-17 10:33:40', '2024-12-17 10:33:40'),
	(5, 3, 125, 1, 4700000, '2024-12-17 10:33:40', '2024-12-17 10:33:40'),
	(6, 4, 117, 1, 900000, '2024-12-17 10:33:40', '2024-12-17 10:33:40'),
	(7, 4, 2, 1, 16000000, '2024-12-17 10:33:40', '2024-12-17 10:33:40'),
	(8, 5, 27, 2, 16000000, '2024-12-17 10:33:40', '2024-12-17 10:33:40'),
	(9, 5, 98, 1, 5000000, '2024-12-17 10:33:40', '2024-12-17 10:33:40'),
	(10, 6, 130, 2, 1800000, '2024-12-17 10:33:40', '2024-12-17 10:33:40'),
	(11, 7, 97, 3, 24000000, '2024-12-17 10:33:40', '2024-12-17 10:33:40'),
	(12, 7, 143, 1, 11000000, '2024-12-17 10:33:40', '2024-12-17 10:33:40'),
	(13, 8, 126, 1, 600000, '2024-12-17 10:33:40', '2024-12-17 10:33:40'),
	(14, 8, 32, 2, 14000000, '2024-12-17 10:33:40', '2024-12-17 10:33:40'),
	(15, 9, 29, 4, 26000000, '2024-12-17 10:33:40', '2024-12-17 10:33:40'),
	(16, 9, 14, 2, 7000000, '2024-12-17 10:33:40', '2024-12-17 10:33:40'),
	(17, 10, 66, 1, 4000000, '2024-12-17 10:33:40', '2024-12-17 10:33:40'),
	(18, 11, 100, 2, 25000000, '2024-12-17 10:33:40', '2024-12-17 10:33:40'),
	(19, 11, 80, 2, 22000000, '2024-12-17 10:33:40', '2024-12-17 10:33:40'),
	(20, 12, 77, 3, 3000000, '2024-12-17 10:33:40', '2024-12-17 10:33:40'),
	(21, 13, 54, 1, 500000, '2024-12-17 10:49:56', '2024-12-17 10:49:56'),
	(22, 14, 130, 2, 1800000, '2024-12-17 10:49:56', '2024-12-17 10:49:56'),
	(23, 15, 124, 3, 13500000, '2024-12-17 10:49:56', '2024-12-17 10:49:56'),
	(24, 16, 133, 2, 6000000, '2024-12-17 10:49:56', '2024-12-17 10:49:56'),
	(25, 17, 1, 1, 12000000, '2024-12-17 10:49:56', '2024-12-17 10:49:56'),
	(26, 18, 11, 2, 15600000, '2024-12-17 10:49:56', '2024-12-17 10:49:56'),
	(27, 19, 126, 3, 1800000, '2024-12-17 10:49:56', '2024-12-17 10:49:56'),
	(28, 20, 117, 1, 900000, '2024-12-17 10:49:56', '2024-12-17 10:49:56');

-- Dumping structure for table web_eyestyle.products
CREATE TABLE IF NOT EXISTS `products` (
  `id` int(11) NOT NULL,
  `category_id` int(11) DEFAULT NULL,
  `brand_id` int(11) DEFAULT NULL,
  `shape_id` int(11) DEFAULT NULL,
  `material` varchar(255) DEFAULT NULL,
  `name` varchar(255) DEFAULT NULL,
  `description` varchar(255) DEFAULT NULL,
  `status` int(11) DEFAULT NULL,
  `hot` tinyint(1) DEFAULT NULL,
  `cost_price` double DEFAULT NULL,
  `selling_price` double DEFAULT NULL,
  `quantity` int(11) DEFAULT NULL,
  `gender` int(11) DEFAULT NULL,
  `color` varchar(255) DEFAULT NULL,
  `created_at` datetime DEFAULT NULL,
  `updated_at` datetime DEFAULT NULL,
  PRIMARY KEY (`id`),
  KEY `category_id` (`category_id`),
  KEY `brand_id` (`brand_id`),
  KEY `shape_id` (`shape_id`),
  CONSTRAINT `products_ibfk_1` FOREIGN KEY (`category_id`) REFERENCES `categories` (`id`),
  CONSTRAINT `products_ibfk_2` FOREIGN KEY (`brand_id`) REFERENCES `brands` (`id`),
  CONSTRAINT `products_ibfk_3` FOREIGN KEY (`shape_id`) REFERENCES `frame_shapes` (`id`)
) ENGINE=InnoDB DEFAULT CHARSET=utf8mb4 COLLATE=utf8mb4_general_ci;

-- Dumping data for table web_eyestyle.products: ~151 rows (approximately)
INSERT INTO `products` (`id`, `category_id`, `brand_id`, `shape_id`, `material`, `name`, `description`, `status`, `hot`, `cost_price`, `selling_price`, `quantity`, `gender`, `color`, `created_at`, `updated_at`) VALUES
	(1, 10, 1, 1, 'Kim loại', 'GG1144O_54_002', 'Gọng kính Thép không gỉ', 1, 1, 11900000, 12000000, 20, 4, 'Bạc-Xanh', '2024-12-15 22:16:05', '2024-12-17 22:16:04'),
	(2, 1, 2, 7, 'Nhựa', 'CT0291OA_005', 'Gọng kính nhựa', 1, 1, 15500000, 16000000, 15, 1, 'Đen', '2024-12-15 22:20:41', '2024-12-17 22:21:08'),
	(3, 1, 10, 9, 'Xi/Mạ vàng', 'VCHG58_0400', 'Gọng kính Kim loại, Mạ vàng', 1, 0, 23500000, 24000000, 5, 1, 'Vàng', '2024-12-16 22:24:29', '2024-12-17 22:24:37'),
	(4, 1, 10, 7, 'Xi/Mạ Vàng', 'VCHG39_0400', 'Gọng kính Kim loại, Mạ vàng 23 Karat', 1, 0, 24200000, 24500000, 5, 1, 'Vàng', '2024-12-17 22:27:12', '2024-12-19 22:27:21'),
	(5, 1, 10, 9, 'Xi/Mạ Vàng', 'VCHL18_0300', 'Gọng kính Kim loại, Mạ vàng ', 1, 0, 24500000, 25000000, 3, 1, 'Vàng', '2024-12-17 22:29:12', '2024-12-20 22:29:31'),
	(6, 1, 10, 9, 'Xi/Mạ Vàng', 'VCHG86_0300', 'Gọng kính Kim loại, Mạ vàng', 1, 0, 25800000, 26000000, 3, 1, 'Vàng', '2024-12-17 22:31:05', '2024-12-21 22:31:08'),
	(7, 1, 10, 8, 'Xi/Mạ vàng', 'VCHL38J_08FC', 'Gọng kính Gỗ hồng, Titanium, Mạ vàng – Limited Edition 150 mẫu', 1, 0, 33000000, 33500000, 4, 1, 'Vàng', '2024-12-17 22:33:16', '2024-12-22 22:33:21'),
	(8, 10, 4, 7, 'Nhựa', 'GG1277OA_52_001', 'Gọng kính Nhựa, Kim loại', 1, 1, 10950000, 11000000, 10, 4, 'Đen-Bạc', '2024-12-17 22:35:36', '2024-12-23 22:35:40'),
	(9, 1, 5, 7, 'Kim loại', 'MB0236SK_60_003', 'Gọng kính Kim loại – Chống tia UV', 1, 0, 11700000, 12000000, 20, 1, 'Vàng hồng', '2024-12-17 22:40:01', '2024-12-24 22:40:10'),
	(10, 10, 5, 7, 'Kim loại', 'MB0030O_57_003', 'Gọng kính Kim loại', 1, 0, 10900000, 11000000, 15, 4, 'Xám', '2024-12-17 22:52:33', '2024-12-24 22:52:35'),
	(11, 1, 8, 9, 'Nhựa', '0PR01ZVD_01G1O1_56', 'Gọng kính Nhựa', 1, 0, 7510000, 7800000, 20, 1, 'Xám', '2024-12-17 22:52:47', '2024-12-25 22:52:50'),
	(12, 10, 8, 8, 'Kim loại', '0PRA53V_1BC1O1_56', 'Gọng kính Kim loại ', 1, 0, 10530000, 11000000, 10, 4, 'Bạc-Đen', '2024-12-16 22:57:17', '2024-12-25 22:57:23'),
	(13, 1, 8, 8, 'Kim loại', '0PRA51V_1AB1O1_53', 'Gọng kính Kim loại', 1, 0, 10530000, 11000000, 10, 4, 'Đen', '2024-12-17 22:59:14', '2024-12-27 22:59:21'),
	(14, 10, 13, 6, 'Nhựa', '0OY8004_80040447', 'Gọng kính Nhựa', 1, 0, 3060000, 3500000, 30, 4, 'Đen', '2024-12-17 23:01:34', '2024-12-25 23:01:35'),
	(15, 10, 13, 4, 'Nhựa', '0OY8029F_80290148', 'Gọng kính Nhựa', 1, 0, 2750000, 2900000, 30, 4, 'Đen', '2024-12-17 23:03:22', '2024-12-22 23:03:23'),
	(16, 10, 12, 9, 'Nhựa', '84034_V1', 'Gọng kính Nhựa', 1, 0, 1560000, 1800000, 30, 4, 'Xám', '2024-12-17 23:05:05', '2024-12-21 23:05:07'),
	(17, 10, 12, 7, 'Nhựa', 'PR82415_B2', 'Gọng kính Nhựa', 1, 0, 1560000, 1700000, 30, 4, 'Đen', '2024-12-17 23:08:20', '2024-12-20 23:08:21'),
	(18, 10, 12, 2, 'Kim loại', 'PG83511_B1', 'Gọng kính Kim loại', 1, 0, 1680000, 1900000, 30, 4, 'Đen', '2024-12-17 23:10:02', '2024-12-21 23:10:06'),
	(19, 10, 15, 2, 'Kim loại', 'EF71564_582', 'Gọng kính Kim loại', 1, 1, 800000, 900000, 30, 4, 'Xanh', '2024-12-17 23:12:27', '2024-12-23 23:12:28'),
	(20, 1, 15, 9, 'Kim loại', 'EF32287T_542B', 'Gọng kính Kim loại', 1, 1, 1350000, 1500000, 20, 1, 'Bạc', '2024-12-17 23:14:33', '2024-12-21 23:14:36'),
	(21, 10, 12, 2, 'Kim loại', 'PG81502_G1', 'Gọng kính Kim loại', 1, 0, 1750000, 2000000, 10, 4, 'Xám', '2024-12-17 23:16:43', '2024-12-11 11:11:11'),
	(22, 10, 1, 7, 'Kim loại', 'DIORBLACKSUITON2U_F000', 'Gọng kính Kim loại', 1, 0, 10500000, 11000000, 15, 4, 'Bạc-Đen', '2024-12-17 23:18:21', '2024-12-22 23:18:26'),
	(23, 10, 1, 6, 'Kim loại', 'NEODIOROS5U_54_F000', 'Gọng kính Kim loại', 1, 0, 10500000, 11500000, 10, 4, 'Bạc', '2024-12-17 23:20:18', '2024-12-22 23:20:20'),
	(24, 10, 12, 4, 'Kim loại', '76013_K3', 'Gọng kính Kim loại', 1, 0, 1500000, 1900000, 30, 4, 'Vàng-Hồng', '2024-12-17 23:22:11', '2024-12-21 23:22:12'),
	(25, 10, 12, 4, 'Kim loại', '73550_K2', 'Gọng kính Kim loại', 1, 0, 1480000, 1700000, 20, 4, 'Trắng-Xanh', '2024-12-17 23:23:59', '2024-12-24 23:24:16'),
	(26, 10, 3, 6, 'Nhựa', 'MOD.3340-U_148', 'Gọng kính Nhựa', 1, 0, 6900000, 7500000, 10, 4, 'Trắng', '2024-12-17 23:30:48', '2024-12-22 23:30:49'),
	(27, 10, 3, 7, 'Nhựa', 'MOD.3339-U_5407', 'Gọng kính Nhựa', 1, 0, 7500000, 8000000, 10, 4, 'Nâu', '2024-12-17 23:33:32', '2024-12-22 23:33:33'),
	(28, 1, 6, 1, 'Nhựa', '0RX5121F_8382_50', 'Gọng nhựa Acetate – Đổi màu', 1, 0, 6220000, 6500000, 10, 1, 'Trắng-Xanh', '2024-12-17 23:35:40', '2024-12-23 23:35:42'),
	(29, 1, 6, 1, 'Nhựa', '0RX5121F_8381_50', 'Gọng nhựa Acetate – Đổi màu', 1, 0, 6220000, 6500000, 10, 1, 'Xám rêu-Xanh', '2024-12-17 23:37:01', '2024-12-23 23:37:02'),
	(30, 10, 1, 6, 'Nhựa', 'DIORSPIRITOSF_57_2600', 'Gọng kính Nhựa', 1, 1, 8450000, 9000000, 15, 4, 'Nâu-Đồi mồi', '2024-12-17 23:39:04', '2024-12-24 23:39:05'),
	(31, 10, 1, 9, 'Nhựa', '30MONTAIGNEMINIOS3F_2000', 'Gọng kính Nhựa', 1, 1, 9900000, 10500000, 15, 4, 'Đồi mồi', '2024-12-17 23:40:49', '2024-12-23 23:40:51'),
	(32, 10, 7, 9, 'Kim loại-Nhựa', '0BE1323_1213_54', 'Gọng kính Kim loại – Nhựa', 1, 0, 6300000, 7000000, 10, 4, 'Đen', '2024-12-17 23:42:25', '2024-12-22 23:42:27'),
	(33, 10, 6, 9, 'Kim loại-Nhựa Ultem', '0RX6489_2890_58', 'Gọng kính Kim loại', 1, 0, 4500000, 5000000, 15, 4, 'Nâu-Vàng', '2024-12-17 23:44:00', '2024-12-21 23:44:02'),
	(34, 10, 9, 7, 'Nhựa', 'VPLG74_4G0Y', 'Gọng kính Nhựa', 1, 0, 3700000, 4000000, 10, 4, 'Xám', '2024-12-17 23:45:46', '2024-12-23 23:45:59'),
	(35, 10, 9, 3, 'Kim loại-Nhựa', 'VPLF83_0589', 'Gọng kính Kim loại – Nhựa', 1, 0, 4500000, 5000000, 15, 4, 'Trắng', '2024-12-17 23:48:04', '2024-12-24 23:48:05'),
	(36, 1, 9, 8, 'Kim loại-Nhựa', 'VPLL67_0579', 'Gọng kính Kim loại – Nhựa', 1, 0, 4500000, 5000000, 20, 1, 'Bạc-Xanh', '2024-12-17 23:49:29', '2024-12-24 23:49:30'),
	(37, 1, 9, 8, 'Kim loại-Nhựa', 'VPLL68_0300', 'Gọng kính Kim loại – Nhựa', 1, 0, 4300000, 5000000, 15, 1, 'Vàng', '2024-12-17 23:51:34', '2024-12-24 23:51:36'),
	(38, 10, 9, 5, 'Kim loại', 'SPLD43_0E70', ' Gọng kính Kim loại', 1, 0, 4500000, 5000000, 20, 4, 'Tím-Xanh dương', '2024-12-17 23:55:23', '2024-12-24 23:55:24'),
	(39, 10, 10, 9, 'Titanium', 'VCHG18_0579', 'Gọng kính Titanium', 1, 0, 24500000, 25000000, 7, 4, 'Bạc-Xanh dương', '2024-12-17 23:57:02', '2024-12-23 23:57:03'),
	(40, 1, 10, 9, 'Titanium', 'VCHF96J_0568', 'Gọng kính Titanium', 1, 0, 15500000, 16000000, 10, 1, 'Bạc-Đồi mồi', '2024-12-17 23:59:32', '2024-12-26 23:59:34'),
	(41, 10, 9, 9, 'Kim loại-Nhựa', 'VPLG73_09N4', 'Gọng kính Nhựa', 1, 0, 3600000, 4000000, 10, 4, 'Xanh dương', '2024-12-18 00:01:04', '2024-12-25 00:01:05'),
	(42, 2, 6, 6, 'Kim loại-Nhựa', '0RX5154_8375_53', 'Gọng kính Nhựa, Kim loại', 1, 0, 4730000, 5000000, 20, 2, 'Vàng-Nâu', '2024-12-18 00:04:05', '2024-12-25 00:04:08'),
	(43, 2, 8, 4, 'Nhựa', '0PR21ZVF_15L1O1_55', 'Gọng kính Nhựa', 1, 0, 9250000, 9500000, 10, 2, 'Nâu', '2024-12-18 00:05:38', '2024-12-23 00:05:39'),
	(44, 2, 8, 4, 'Nhựa', '0PR21ZVF_16K1O1_55', 'Gọng kính Nhựa', 1, 0, 9250000, 9500000, 10, 2, 'Đen', '2024-12-18 00:06:45', '2024-12-25 00:06:46'),
	(45, 2, 8, 6, 'Kim loại', '0PR52ZV_SVF1O1_55', 'Gọng kính Kim loại', 1, 0, 10530000, 11000000, 20, 2, 'Vàng-Trắng', '2024-12-18 00:08:30', '2024-12-26 00:08:32'),
	(46, 2, 3, 7, 'Nhựa', 'MOD.3335-F_GB1', 'Gọng kính Nhựa', 1, 0, 6900000, 7500000, 20, 2, 'Đen', '2024-12-18 00:09:46', '2024-12-23 00:09:47'),
	(47, 2, 3, 6, 'Nhựa', 'MOD.3316-F_108', 'Gọng kính Nhựa', 1, 0, 5500000, 6000000, 10, 2, 'Nâu', '2024-12-18 00:10:58', '2024-12-26 00:10:59'),
	(48, 2, 15, 2, 'Nhựa', 'EF12451_C1', 'Gọng kính Nhựa', 1, 0, 480000, 500000, 30, 2, 'Đen', '2024-12-18 00:12:01', '2024-12-25 00:12:03'),
	(49, 2, 9, 2, 'Nhựa', 'VPLF10_04G0', 'Gọng kính Nhựa', 1, 0, 5100000, 5500000, 10, 2, 'Xám', '2024-12-18 00:13:02', '2024-12-25 00:13:03'),
	(50, 2, 9, 8, 'Nhựa', 'VPLF75_714Y', 'Gọng kính Nhựa', 1, 0, 3800000, 4000000, 10, 2, 'Đồi mồi', '2024-12-18 00:14:21', '2024-12-26 00:14:28'),
	(51, 2, 16, 4, 'Nhựa', 'VFU679V_0909', 'Gọng kính Nhựa', 1, 0, 3700000, 4000000, 15, 2, 'Đồi mồi', '2024-12-18 00:15:38', '2024-12-26 00:15:39'),
	(52, 2, 16, 4, 'Nhựa', 'VFU679V_700Y', 'Gọng kính Nhựa', 1, 1, 3700000, 4000000, 20, 2, 'Đen', '2024-12-18 00:16:49', '2024-12-27 00:16:50'),
	(53, 2, 15, 2, 'Nhựa', 'EF90451_503', 'Gọng kính Nhựa', 1, 1, 780000, 800000, 25, 2, 'Tím', '2024-12-18 00:18:01', '2024-12-25 00:18:02'),
	(54, 2, 15, 1, 'Nhựa', 'EF92422_992', 'Gọng kính Nhựa', 1, 1, 480000, 500000, 30, 2, 'Đen', '2024-12-18 00:19:19', '2024-12-24 00:19:20'),
	(55, 2, 16, 6, 'Titanium', 'VFU648J_0301', 'Gọng kính Titanium', 1, 0, 4100000, 4500000, 10, 2, 'Vàng-Đen', '2024-12-18 00:20:30', '2024-12-24 00:20:41'),
	(56, 2, 17, 4, ' Nhựa Acetate', 'BJ3162_B10.C', 'Gọng kính Nhựa Acetate', 1, 1, 3300000, 3500000, 15, 2, 'Đen', '2024-12-18 00:22:21', '2024-12-27 00:22:22'),
	(57, 2, 17, 4, 'Nhựa', 'BJ3161_B30.C', 'Gọng kính Nhựa Acetate', 1, 1, 3200000, 3500000, 10, 2, 'Đỏ', '2024-12-18 00:23:37', '2024-12-24 00:23:38'),
	(58, 2, 2, 4, 'Kim loại', 'CT0120OA_002', 'Gọng kính Kim loại, Mạ vàng', 1, 0, 36000000, 37000000, 5, 2, 'Vàng', '2024-12-18 00:25:36', '2024-12-30 00:25:37'),
	(59, 2, 2, 4, 'Kim loại-Nhựa', 'CT0257O_004', 'Gọng kính Kim loại, Khung viền Nhựa', 1, 0, 26000000, 27000000, 5, 2, 'Vàng-Đen', '2024-12-18 00:27:24', '2024-12-25 00:27:24'),
	(60, 2, 12, 2, 'Kim loại', 'PG83611_K1', 'Gọng kính Kim loại – Tròng phân cực – Lọc tia UV – Clip-on', 1, 1, 2050000, 2100000, 10, 2, 'Vàng-Xám khói', '2024-12-18 00:30:38', '2024-12-26 00:30:38'),
	(61, 2, 10, 3, 'Titanium', 'VCHD91J_0A39', 'Gọng kính Titanium', 1, 0, 16500000, 17000000, 5, 2, 'Đen-Vàng', '2024-12-18 00:32:12', '2024-12-28 00:32:13'),
	(62, 2, 7, 1, 'Nhựa', '0BE2358F_3358_54', 'Gọng kính Nhựa', 1, 0, 5500000, 6000000, 10, 2, 'Cam', '2024-12-18 00:33:36', '2024-12-30 00:33:37'),
	(63, 2, 7, 6, 'Nhựa', '0BE2354F_3991_51', 'Gọng kính Nhựa', 1, 0, 6260000, 6500000, 10, 2, 'Đồi mồi', '2024-12-18 00:35:06', '2024-12-26 00:35:07'),
	(64, 2, 7, 6, 'Nhựa', '0BE2354F_3967_51', 'Gọng kính Nhựa', 1, 0, 6260000, 6500000, 10, 2, 'Đồi mồi', '2024-12-18 00:36:17', '2024-12-26 00:36:18'),
	(65, 2, 17, 8, 'Titanium', 'BT6008_B15', 'Gọng kính Titanium', 1, 0, 3800000, 4000000, 10, 2, 'Bạc', '2024-12-18 00:37:27', '2024-12-27 00:37:27'),
	(66, 2, 17, 9, 'Kim loại-Nhựa', 'BJ5057_B10', 'Gọng kính Kim loại – Khung viền Nhựa', 1, 0, 3900000, 4000000, 10, 2, 'Đen-Vàng', '2024-12-18 00:38:50', '2024-12-25 00:38:51'),
	(67, 2, 4, 8, 'Kim loại', 'GG0805O_51_002', 'Gọng kính Kim loại', 1, 0, 9800000, 10000000, 10, 2, 'Bạc-Tím', '2024-12-18 00:40:28', '2024-12-28 00:40:28'),
	(68, 2, 4, 7, 'Nhựa', 'GG0657O_54_001', 'Gọng kính Nhựa', 1, 0, 9800000, 10000000, 15, 2, 'Đen', '2024-12-18 00:41:32', '2024-12-27 00:41:33'),
	(69, 2, 4, 2, 'Nhựa', 'GG0656O_53_001', 'Gọng kính Nhựa', 1, 0, 9800000, 10000000, 10, 2, 'Đen', '2024-12-18 00:42:44', '2024-12-27 00:42:44'),
	(70, 2, 4, 4, 'Nhựa Acetate', 'GG0600O_54_003', 'Gọng kính Nhựa Acetate', 1, 0, 13900000, 14000000, 5, 2, 'Nâu-Vàng-Đỏ', '2024-12-18 00:44:05', '2024-12-28 00:44:06'),
	(71, 2, 4, 4, 'Kim loại', 'GG0580O_55_001', 'Gọng kính Kim loại', 1, 0, 11400000, 11900000, 5, 2, 'Vàng-Đen', '2024-12-18 00:45:40', '2024-12-25 00:45:41'),
	(72, 2, 1, 9, 'Kim loại-Nhựa', 'GEMDIOROS3F_53_2200', 'Gọng kính Nhựa – Kim loại ', 1, 1, 10900000, 11000000, 5, 2, 'Vàng-Đồi mồi', '2024-12-18 00:47:13', '2024-12-25 00:47:14'),
	(73, 2, 15, 2, 'Nhựa dẻo TR90', 'EF91412_026', 'Gọng kính Nhựa dẻo TR90', 1, 1, 600000, 650000, 20, 2, 'Đen', '2024-12-18 00:48:29', '2024-12-22 00:48:31'),
	(74, 2, 15, 2, 'Nhựa dẻo TR90', 'EF90440_710', 'Gọng kính Nhựa dẻo TR90', 1, 1, 460000, 500000, 20, 2, 'Đen', '2024-12-18 00:49:47', '2024-12-27 00:49:50'),
	(75, 2, 15, 2, 'Kim loại', 'EF71550_829', 'Gọng kính Kim loại', 1, 1, 900000, 1000000, 15, 2, 'Bạc', '2024-12-18 00:50:49', '2024-12-26 00:50:50'),
	(76, 2, 15, 4, 'Titanium', 'EF89253T_903', 'Gọng kính Titanium', 1, 1, 1400000, 1500000, 15, 2, 'Bạc', '2024-12-18 00:51:53', '2024-12-23 00:51:54'),
	(77, 2, 15, 7, 'Kim loại', 'EF71562_595', 'Gọng kính Kim loại', 1, 1, 800000, 1000000, 25, 2, 'Vàng-hồng', '2024-12-18 00:53:20', '2024-12-27 00:53:22'),
	(78, 2, 15, 4, 'Titanium', 'EF40255T_532', 'Gọng kính Titanium', 1, 0, 1650000, 1800000, 15, 2, 'Vàng-Đỏ', '2024-12-18 00:54:39', '2024-12-28 00:54:40'),
	(79, 2, 1, 6, 'Nhựa Acetate', 'MONTAIGNE46_52_WR7', 'Gọng kính Nhựa Acetate', 1, 0, 8600000, 9000000, 10, 2, 'Đen', '2024-12-18 00:56:13', '2024-12-25 00:56:13'),
	(80, 2, 1, 2, 'Kim loại-Nhựa', 'GEMDIOROR4I_52_8200', 'Gọng kính Nhựa – Kim loại', 1, 0, 10900000, 11000000, 10, 2, 'Xanh dương-Vàng', '2024-12-18 00:57:34', '2024-12-25 00:57:35'),
	(81, 2, 16, 3, 'Titanium', 'VFU411J_0514', 'Gọng kính Titanium', 1, 0, 3750000, 3900000, 10, 2, 'Bạc-Xanh dương-Đỏ', '2024-12-18 00:59:00', '2024-12-27 00:59:01'),
	(82, 3, 18, 3, 'Nhựa Ultem', 'EM201C04', 'Gọng kính nhựa Ultem', 1, 1, 2250000, 2500000, 15, 3, 'Hồng', '2024-12-18 01:01:28', '2024-12-25 01:01:28'),
	(83, 3, 18, 3, 'Nhựa Ultem', 'EM202C04', ' Gọng kính nhựa Ultem', 1, 1, 2250000, 2500000, 15, 3, 'Xanh lá-Đen', '2024-12-18 01:02:40', '2024-12-23 01:02:41'),
	(84, 3, 15, 7, 'Nhựa', 'EF42442_C6', 'Gọng kính Nhựa', 1, 1, 460000, 500000, 30, 3, 'Xám', '2024-12-18 01:03:49', '2024-12-23 01:03:50'),
	(85, 3, 18, 3, 'Nhựa', 'EF60141_759', 'Gọng kính Nhựa', 1, 1, 680000, 700000, 30, 3, 'Hồng-Đen', '2024-12-18 01:04:58', '2024-12-24 01:04:59'),
	(86, 3, 9, 8, 'Nhựa', 'VK132J_06G5', 'Gọng kính Nhựa', 1, 1, 1600000, 1800000, 20, 3, 'Xanh-Đen', '2024-12-18 01:06:11', '2024-12-28 01:06:12'),
	(87, 3, 9, 6, 'Nhựa', 'VK095J_0U11', 'Gọng kính Nhựa', 1, 0, 1600000, 1800000, 20, 3, 'Xanh', '2024-12-18 01:07:13', '2024-12-26 01:07:13'),
	(88, 3, 9, 7, 'Nhựa', 'VK123J_0Z42', 'Gọng kính Nhựa', 1, 1, 16000000, 1800000, 15, 3, 'Đen', '2024-12-18 01:08:10', '2024-12-27 01:08:11'),
	(89, 3, 9, 6, 'Nhựa', 'VK123J_0W11', 'Gọng kính Nhựa (Kèm dây đeo hồng) ', 1, 1, 1600000, 1800000, 20, 3, 'Hồng', '2024-12-18 01:09:21', '2024-12-25 01:09:22'),
	(90, 3, 9, 6, 'Nhựa', 'VK093J_0856', 'Gọng kính Nhựa', 1, 0, 1600000, 1800000, 15, 3, 'Hồng', '2024-12-18 01:10:24', '2024-12-25 01:10:25'),
	(91, 10, 9, 8, 'Kim loại-Nhựa', 'SPLF13_0300', 'Gọng kính Nhựa, Kim loại', 1, 0, 4600000, 5000000, 10, 4, 'Vàng-Xanh dương', '2024-12-18 10:17:22', '2024-12-24 10:17:26'),
	(92, 10, 6, 1, 'Nhựa', '0RB3825_001_GG_58', 'Gọng kính Nhựa', 1, 1, 4880000, 5000000, 10, 4, 'Đen', '2024-12-18 10:18:46', '2024-12-25 10:18:47'),
	(93, 4, 9, 8, 'Kim loại', 'SPLN39_300Y', 'Gọng kính Kim loại – Chống tia UV ', 1, 1, 5200000, 5500000, 10, 1, 'Vàng-Hông', '2024-12-18 10:21:33', '2024-12-23 10:21:35'),
	(94, 4, 2, 8, 'Kim loại', 'CT0025SA_001', 'Gọng Kim loại – Chống tia UV', 1, 0, 21000000, 21500000, 5, 2, 'Vàng-Đen', '2024-12-18 10:23:28', '2024-12-26 10:23:29'),
	(95, 4, 7, 9, 'Nhựa', '0BE4337F_379887_56', 'Gọng kính Nhựa – Chống tia UV', 1, 0, 5800000, 6000000, 15, 1, 'Đen', '2024-12-18 10:24:38', '2024-12-26 10:24:39'),
	(96, 4, 17, 6, 'Nhựa', 'BL3189_C10.CS', 'Gọng kính Nhựa – Chống tia UV', 1, 0, 3820000, 4000000, 20, 2, 'Đen', '2024-12-18 10:25:55', '2024-12-26 10:25:56'),
	(97, 8, 6, 5, 'Kim loại', '0RB3825_001_GG_58', 'Gọng Kim loại – Chống tia UV', 1, 1, 7840000, 8000000, 10, 1, 'Vàng', '2024-12-18 10:28:34', '2024-12-24 10:28:36'),
	(98, 4, 6, 5, 'Kim loại', '0RB3029_181_62', 'Gọng Kim loại – Chống tia UV', 1, 0, 4800000, 5000000, 10, 1, 'Vàng', '2024-12-18 10:30:05', '2024-12-21 10:30:06'),
	(99, 4, 1, 8, 'Kim loại', 'CDLINKA1U_61_F0B8', 'Gọng kính Kim loại – Chống tia UV', 1, 0, 12200000, 12500000, 10, 1, 'Bạc', '2024-12-18 10:32:01', '2024-12-22 10:32:02'),
	(100, 8, 1, 4, 'Kim loại', 'MISSDIORB4U_55_12B0', 'Gọng kính Kim loại', 1, 0, 12220000, 12500000, 10, 2, 'Vàng', '2024-12-18 10:33:14', '2024-12-20 10:33:15'),
	(101, 4, 4, 8, 'Nhựa', 'GG1140SK_54_002', 'Gọng kính Nhựa – Chống tia UV', 1, 0, 8700000, 9000000, 10, 2, 'Đen', '2024-12-18 10:34:19', '2024-12-26 10:34:20'),
	(102, 4, 1, 5, 'Kim loại', 'CDDIAMONDA1U_59_F0I4', 'Gọng kính Kim loại', 1, 0, 20500000, 21000000, 5, 1, 'Bạc-Đồi mồi', '2024-12-18 10:36:29', '2024-12-21 10:36:29'),
	(103, 4, 8, 7, 'Nhựa', '0PRA12SF_17K08Z_54', 'Gọng Nhựa', 1, 0, 11400000, 11500000, 10, 4, 'Trắng', '2024-12-18 10:45:29', '2024-12-25 10:45:30'),
	(104, 4, 8, 8, 'Kim loại', '0PRA51S_15N01T_58', 'Gọng Kim loại – Chống tia UV', 1, 0, 12280000, 12500000, 15, 4, 'Vàng-Đen', '2024-12-18 10:48:58', '2024-12-22 10:48:59'),
	(105, 4, 8, 7, 'Kim loại', '0PRA52S_ZVN30C_56', 'Gọng Kim loại – Chống tia UV', 1, 0, 12200000, 12500000, 10, 4, 'Vàng-Hồng', '2024-12-18 10:51:07', '2024-12-24 10:51:13'),
	(106, 4, 14, 6, 'Nhựa', 'MS3053_C10.CS', 'Gọng kính Nhựa – Chống tia UV', 1, 0, 2900000, 3000000, 15, 2, 'Đen', '2024-12-18 10:53:25', '2024-12-29 10:53:26'),
	(107, 4, 9, 7, 'Kim loại-Nhựa', 'SPLL85_08M2', 'Gọng kính Kim loại – Nhựa – Chống tia UV', 1, 0, 5400000, 5500000, 15, 1, 'Vàng-Đồi mồi', '2024-12-18 10:55:56', '2024-12-23 10:55:57'),
	(108, 4, 4, 1, 'Kim loại', 'GG1289S_62_001', 'Gọng kính Kim loại Ruthenium – Chống tia UV', 1, 0, 12900000, 13000000, 10, 1, 'Xám-Đen', '2024-12-18 10:57:34', '2025-01-03 10:57:35'),
	(109, 4, 12, 1, 'Kim loại', '76042_B2PR', 'Gọng Kim Loại – Chống tia UV', 1, 1, 2260000, 2500000, 15, 1, 'Đen', '2024-12-18 11:00:07', '2025-01-01 11:00:10'),
	(110, 4, 12, 9, 'Nhựa', '76054_W1PR', 'Gọng kính Nhựa – Chống tia UV', 1, 1, 2260000, 2500000, 20, 2, 'Trắng-Đen', '2024-12-18 11:01:43', '2024-12-30 11:01:44'),
	(111, 4, 12, 4, 'Nhựa', '76056_T2R', 'Gọng kính Nhựa – Chống tia UV', 1, 1, 1780000, 1900000, 20, 2, 'Trắng', '2024-12-18 11:04:13', '2024-12-26 11:04:14'),
	(112, 4, 17, 4, 'Nhựa Acetate', 'BL3167_A28.CS', 'Gọng kính nhựa Acetate – Chống tia UV', 1, 0, 3280000, 3500000, 10, 2, 'Nâu-Xám', '2024-12-18 11:06:04', '2024-12-31 11:06:05'),
	(113, 4, 5, 5, 'Kim loại', 'MB0074S_59_002', 'Gọng kính Kim loại – Lọc tia UV', 1, 0, 9900000, 10000000, 15, 4, 'Vàng-Xanh lá', '2024-12-18 11:09:50', '2024-12-24 11:09:51'),
	(114, 4, 13, 1, 'Nhựa', '0OO9018_901815_55', 'Gọng kính Nhựa O Matter – Lọc tia UV400, Phân cực', 1, 0, 6800000, 7000000, 15, 4, 'Đen', '2024-12-18 11:11:12', '2025-01-03 11:11:14'),
	(115, 4, 13, 9, 'Nhựa', '0OO9245_9245D1_54', 'Gọng kính Nhựa – Lọc tia UV, Phân cực', 1, 0, 4180000, 4300000, 15, 4, 'Nâu-Đồi mồi', '2024-12-18 11:14:50', '2025-01-02 11:14:52'),
	(116, 7, 19, NULL, NULL, 'Acuvue Define', 'Kính áp tròng 1-Day Lens màu đẹp tự nhiên', 1, 0, 1000000, 1200000, 40, NULL, NULL, '2024-12-18 12:20:01', '2024-12-25 12:20:01'),
	(117, 7, 19, NULL, NULL, 'Acuvue Vita', NULL, 1, 0, 800000, 900000, 40, NULL, NULL, '2024-12-18 12:25:37', '2024-12-24 12:25:37'),
	(118, 7, 19, NULL, NULL, 'Acuvue Oasys', 'Kính áp tròng 2 TUẦN Dành cho dân văn phòng', 1, 0, 1000000, 1200000, 40, NULL, NULL, '2024-12-18 12:27:12', '2024-12-30 12:27:13'),
	(119, 7, 19, NULL, NULL, 'Acuvue Moist', 'Kính áp tròng 1-Day Kính áp tròng 1-Day', 1, 0, 900000, 1000000, 40, NULL, NULL, '2024-12-18 12:28:31', '2024-12-29 12:28:31'),
	(120, 11, 21, NULL, '', 'Essilor Stellest', 'Tròng kính kiểm soát tiến triển cận thị cho trẻ em – Chống UV100%', 1, 0, 7200000, 7500000, 25, 3, NULL, '2024-12-18 12:34:28', '2024-12-26 12:34:28'),
	(121, 11, 22, NULL, '', 'Rodenstock MyCon', 'Tròng kính kiểm soát tiến triển cận thị cho trẻ em – Chống UV100%', 1, 0, 4500000, 5000000, 25, 3, NULL, '2024-12-18 12:36:17', '2024-12-28 12:36:18'),
	(122, 11, 23, NULL, NULL, 'Zeiss Photofusion X', 'ròng kính đổi màu chống ánh sáng xanh ưu việt – Thế hệ 2023', 1, 0, 5500000, 6000000, 15, 4, NULL, '2024-12-18 12:37:43', '2024-12-28 12:37:59'),
	(123, 11, 21, NULL, NULL, 'Essilor Transitions Xtractive Polarized', 'Tròng kính đổi màu chống chói ấn tượng – Thế hệ 2021', 1, 1, 7300000, 7500000, 15, 4, NULL, '2024-12-18 12:39:12', '2024-12-26 12:39:13'),
	(124, 11, 21, NULL, NULL, 'Essilor Transitions Xtractive', 'Tròng kính đổi màu lý tưởng ngay trong ô tô – Thế hệ 2021', 1, 1, 4300000, 4500000, 20, 4, NULL, '2024-12-18 12:40:47', '2024-12-26 12:40:48'),
	(125, 11, 21, NULL, NULL, 'Essilor Transitions Style Color Gen 8', 'Bảng màu thời trang, định hình phong cách – Thế hệ 2019', 1, 0, 4500000, 4700000, 15, 4, NULL, '2024-12-18 12:41:46', '2024-12-28 12:41:46'),
	(126, 11, 20, NULL, NULL, 'TOG VV MR8 HMCS 1.60', 'Tròng kính chống tia UV, chống chói, hạn chế bám bụi – Mỏng nhẹ cho tầm nhìn chân thực', 1, 1, 540000, 600000, 40, 4, NULL, '2024-12-18 12:42:36', '2025-01-04 12:42:37'),
	(127, 11, 20, NULL, NULL, 'TOG AS HMC 1.67', 'Tròng kính siêu mỏng, chống tia UV, chống chói', 1, 0, 1540000, 1600000, 30, 4, NULL, '2024-12-18 12:43:25', '2024-12-23 12:43:26'),
	(128, 11, 22, NULL, NULL, 'Rodenstock SV Lifestyle', 'Tròng kính đổi màu Xám khói – Dành cho dân văn phòng', 1, 0, 5750000, 6000000, 10, 4, NULL, '2024-12-18 12:44:32', '2024-12-29 12:44:33'),
	(129, 11, 22, NULL, NULL, 'Rodenstock SV Lifestyle', 'Chống tia UV, chống bể – Hợp với người thường xuyên tiếp xúc màn hình điện tử', 1, 0, 2900000, 3000000, 15, 4, NULL, '2024-12-18 12:45:52', '2024-12-29 12:45:52'),
	(130, 11, 21, NULL, NULL, 'Essilor Crizal Easy Pro', 'Tròng kính chống bám bẩn vượt trội, chống lóa, chống tia UV – Hợp với người thường hoạt động ngoài trời', 1, 1, 800000, 900000, 30, 4, NULL, '2024-12-18 12:46:55', '2024-12-26 12:46:56'),
	(131, 13, 22, NULL, NULL, 'Rodenstock Bifo Smart Add', 'Chống tia UV, chống bể – Hợp với người đọc sách, tập đeo đa tròng', 1, 0, 2500000, 3000000, 15, 4, NULL, '2024-12-18 12:48:43', '2024-12-28 12:48:44'),
	(132, 12, 21, NULL, NULL, 'Essilor Essentials Home Work', 'Tròng kính chống ánh sáng xanh, Chống UV – Cho người làm việc ở nhà', 1, 0, 2300000, 2500000, 10, 4, NULL, '2024-12-18 12:49:53', '2024-12-23 12:49:54'),
	(133, 12, 21, NULL, NULL, 'Essilor Essentials Everyday Plus', 'Tròng kính chống tia UV, Chống bể (Trivex) – Cho mọi đối tượng', 1, 0, 2900000, 3000000, 10, 4, NULL, '2024-12-18 12:50:48', '2024-12-24 12:50:49'),
	(134, 12, 21, NULL, NULL, 'Essilor Essentials Active Plus', 'Tròng kính chống tia UV, Chống bể (Trivex) – Cho người hay di chuyển, vận động ngoài trời', 1, 0, 2900000, 3000000, 10, 4, NULL, '2024-12-23 12:51:44', '2024-12-24 12:51:46'),
	(135, 12, 21, NULL, NULL, 'Essilor Varilux Comfort 3.0', 'Ngăn UV 2 mặt, lọc ánh sáng xanh, chống phản quang, đổi màu', 1, 0, 6950000, 7000000, 15, 4, NULL, '2024-12-18 12:52:43', '2024-12-23 12:52:43'),
	(136, 12, 21, NULL, NULL, 'Essilor Varilux Physio 3.0', 'Ngăn UV 2 mặt, lọc ánh sáng xanh, chống phản quang, đổi màu – Hợp với khách hàng có độ 2 mắt bị lệch', 1, 0, 11750000, 12000000, 10, 4, NULL, '2024-12-18 12:53:27', '2024-12-25 12:53:28'),
	(137, 12, 21, NULL, NULL, 'Essilor Varilux Liberty 3.0', 'Ngăn UV 2 mặt, lọc ánh sáng xanh, chống phản quang, đổi màu – Hợp với người mới đeo đa tròng', 1, 0, 4900000, 5000000, 10, 4, NULL, '2024-12-18 12:54:09', '2024-12-25 12:54:10'),
	(138, 12, 23, NULL, NULL, 'Zeiss Light 2 3Dv', 'Tròng kính chống tia UV, Kháng khuẩn, Lọc ánh sáng xanh – Cho người hay dùng thiết bị điện tử', 1, 0, 8250000, 8500000, 5, 4, NULL, '2024-12-18 12:55:03', '2024-12-26 12:55:03'),
	(139, 12, 23, NULL, NULL, 'Zeiss Light 2 3D', 'Tròng kính chống tia UV, Kháng khuẩn, Lọc ánh sáng xanh – Cho người hay đọc sách, xem điện thoại', 1, 0, 6600000, 6500000, 7, 4, NULL, '2024-12-18 12:56:02', '2024-12-25 12:56:03'),
	(140, 12, 23, NULL, NULL, 'Zeiss Light 2 D', 'Tròng kính chống tia UV, Kháng khuẩn, Lọc ánh sáng xanh – Cho người mới đeo đa tròng', 1, 0, 4380000, 4500000, 7, 4, NULL, '2024-12-18 12:57:35', '2024-12-30 12:56:24'),
	(141, 12, 23, NULL, NULL, 'Zeiss Digital Light 2 3D', 'Tròng kính chống tia UV, Kháng khuẩn, Lọc ánh sáng xanh – Cho người mới bắt đầu lão thị', 1, 0, 3700000, 4000000, 10, 4, NULL, '2024-12-18 12:58:25', '2024-12-25 12:58:26'),
	(142, 4, 12, 4, 'Nhựa', '62210_B1', 'Gọng kính Nhựa – Lọc tia UV', 1, 1, 1100000, 1200000, 10, 3, 'Đen-Cam', '2024-12-18 13:00:23', '2024-12-25 13:00:30'),
	(143, 4, 1, 1, 'Kim loại', 'DIORSTELLAIRESU_59_B0B0', 'Gọng kính Kim loại – Chống tia UV', 1, 0, 10800000, 11000000, 10, 2, 'Vàng-Xanh dương', '2024-12-18 13:03:11', '2024-12-26 13:03:19'),
	(144, 4, 7, 1, 'Nhựa', '0BE4364F_39958G_51', 'Gọng kính Nhựa – Lọc tia UV', 1, 0, 6015000, 6200000, 15, 2, 'Trắng-Đen-Xám', '2024-12-18 13:04:52', '2024-12-26 13:04:52'),
	(145, 4, 17, 1, 'Nhựa Acetate', 'BL3079_C10', 'Gọng kính Nhựa – Chống tia UV, Phân cực', 1, 0, 3780000, 3900000, 20, 1, 'Đen', '2024-12-18 13:06:02', '2024-12-26 13:06:03'),
	(146, 4, 7, 1, 'Kim loại', '0BE3133_133713_5', 'Gọng kính Kim Loại – Chống tia UV', 1, 0, 6000000, 6100000, 10, 2, 'Vàng-Hồng', '2024-12-18 13:07:15', '2024-12-25 13:07:15'),
	(147, 4, 4, 3, 'Nhựa Optyl', 'GG0702SK_54_003', 'Gọng kính Nhựa Optyl – Lọc tia UV', 1, 0, 8900000, 9000000, 10, 4, 'Đồi mồi-Nâu', '2024-12-18 13:08:31', '2024-12-24 13:08:32'),
	(148, 4, 4, 2, 'Kim loại', 'GG0680S_56_002', 'Gọng kính Kim loại – Lọc tia UV', 1, 0, 10900000, 11000000, 7, 4, 'Bạc-Đồi mồi-Xám', '2024-12-18 13:09:42', '2024-12-26 13:09:43'),
	(149, 4, 15, 4, 'Kim loại', 'EF70951_C25', 'Gọng kính Kim loại – Chống tia UV', 1, 0, 1000000, 1200000, 15, 2, 'Hồng', '2024-12-18 13:11:25', '2024-12-25 13:11:26'),
	(150, 4, 3, 4, 'Nhựa', 'VE4417U_GB1_87', 'Gọng kính Nhựa – Lọc tia UV', 1, 0, 6800000, 7000000, 10, 2, 'Đen', '2024-12-18 13:12:26', '2024-12-26 13:12:27'),
	(151, 4, 7, 4, 'Nhựa', '0BE4361F_300187_51', 'Gọng kính Nhựa – Chống tia UV', 1, 0, 7350000, 7500000, 10, 2, 'Đen', '2024-12-18 13:18:25', '2024-12-25 13:18:26');

-- Dumping structure for table web_eyestyle.products_images
CREATE TABLE IF NOT EXISTS `products_images` (
  `id` int(11) NOT NULL,
  `product_id` int(11) DEFAULT NULL,
  `is_main` int(11) DEFAULT NULL,
  `path` varchar(255) DEFAULT NULL,
  `created_at` datetime DEFAULT NULL,
  `updated_at` datetime DEFAULT NULL,
  PRIMARY KEY (`id`),
  KEY `product_id` (`product_id`),
  CONSTRAINT `products_images_ibfk_1` FOREIGN KEY (`product_id`) REFERENCES `products` (`id`)
) ENGINE=InnoDB DEFAULT CHARSET=utf8mb4 COLLATE=utf8mb4_general_ci;

-- Dumping data for table web_eyestyle.products_images: ~221 rows (approximately)
INSERT INTO `products_images` (`id`, `product_id`, `is_main`, `path`, `created_at`, `updated_at`) VALUES
	(1, 1, 1, 'assets/images/product2.jpg', '2024-12-18 10:20:34', '2024-12-18 10:20:34'),
	(2, 1, 0, 'assets/images/product2b.jpg', '2024-12-18 10:25:00', '2024-12-01 10:25:00'),
	(3, 1, 0, 'assets/images/product2c.jpg', '2024-12-18 11:00:00', '2024-12-18 11:00:00'),
	(4, 1, 0, 'assets/images/product2d.jpg', '2024-12-18 11:10:00', '2024-12-18 11:10:00'),
	(5, 1, 0, 'assets/images/product2b.jpg', '2024-12-18 09:00:00', '2024-12-18 09:00:00'),
	(6, 1, 0, 'assets/images/product2c.jpg', '2024-12-18 09:15:45', '2024-12-18 09:15:45'),
	(7, 2, 1, 'assets/images/product3.jpg', '2024-12-18 10:02:08', '2024-12-18 10:02:08'),
	(8, 3, 1, 'assets/images/product4.jpg', '2024-12-18 10:20:30', '2024-12-18 10:20:30'),
	(9, 4, 1, 'assets/images/product30.jpg', '2024-12-18 08:30:00', '2024-12-18 08:30:00'),
	(10, 4, 0, 'assets/images/product30b.jpg', '2024-12-18 08:45:20', '2024-12-18 08:45:20'),
	(11, 4, 0, 'assets/images/product30c.jpg', '2024-12-18 09:02:23', '2024-12-18 09:02:23'),
	(12, 4, 0, 'assets/images/product30d.jpg', '2024-12-18 09:15:00', '2024-12-18 09:15:00'),
	(13, 5, 1, 'assets/images/product31.jpg', '2024-12-18 08:00:45', '2024-12-18 08:00:45'),
	(14, 5, 0, 'assets/images/product31b.jpg', '2024-12-18 08:20:12', '2024-12-18 08:20:12'),
	(15, 5, 0, 'assets/images/product31c.jpg', '2024-12-18 09:30:27', '2024-12-18 09:30:27'),
	(16, 5, 0, 'assets/images/product31d.jpg', '2024-12-18 09:42:09', '2024-12-18 09:42:09'),
	(17, 6, 1, 'assets/images/product32.jpg', '2024-12-18 10:18:16', '2024-12-18 10:18:16'),
	(18, 6, 0, 'assets/images/product32b.jpg', '2024-12-18 10:25:06', '2024-12-18 10:25:06'),
	(19, 6, 0, 'assets/images/product32c.jpg', '2024-12-18 11:01:31', '2024-12-18 11:01:31'),
	(20, 6, 0, 'assets/images/product32d.jpg', '2024-12-18 11:15:56', '2024-12-18 11:15:56'),
	(21, 7, 1, 'assets/images/product33.jpg', '2024-12-18 10:20:34', '2024-12-18 10:20:34'),
	(22, 7, 0, 'assets/images/product33b.jpg', '2024-12-18 10:25:00', '2024-12-01 10:25:00'),
	(23, 7, 0, 'assets/images/product33c.jpg', '2024-12-18 11:00:00', '2024-12-18 11:00:00'),
	(24, 8, 1, 'assets/images/product34.jpg', '2024-12-18 11:10:00', '2024-12-18 11:10:00'),
	(25, 8, 0, 'assets/images/product34b.jpg', '2024-12-18 09:00:00', '2024-12-18 09:00:00'),
	(26, 8, 0, 'assets/images/product34c.jpg', '2024-12-18 09:15:45', '2024-12-18 09:15:45'),
	(27, 8, 0, 'assets/images/product34d.jpg', '2024-12-18 10:02:08', '2024-12-18 10:02:08'),
	(28, 9, 1, 'assets/images/product35.jpg', '2024-12-18 10:20:30', '2024-12-18 10:20:30'),
	(29, 9, 0, 'assets/images/product35b.jpg', '2024-12-18 08:30:00', '2024-12-18 08:30:00'),
	(30, 9, 0, 'assets/images/product35c.jpg', '2024-12-18 08:45:20', '2024-12-18 08:45:20'),
	(31, 9, 0, 'assets/images/product35d.jpg', '2024-12-18 09:02:23', '2024-12-18 09:02:23'),
	(32, 10, 1, 'assets/images/product36.jpg', '2024-12-18 09:15:00', '2024-12-18 09:15:00'),
	(33, 10, 0, 'assets/images/product36b.jpg', '2024-12-18 08:00:45', '2024-12-18 08:00:45'),
	(34, 10, 0, 'assets/images/product36c.jpg', '2024-12-18 08:20:12', '2024-12-18 08:20:12'),
	(35, 10, 0, 'assets/images/product36d.jpg', '2024-12-18 09:30:27', '2024-12-18 09:30:27'),
	(36, 11, 1, 'assets/images/product37.jpg', '2024-12-18 09:42:09', '2024-12-18 09:42:09'),
	(37, 11, 0, 'assets/images/product37b.jpg', '2024-12-18 10:18:16', '2024-12-18 10:18:16'),
	(38, 11, 0, 'assets/images/product37c.jpg', '2024-12-18 10:25:06', '2024-12-18 10:25:06'),
	(39, 11, 0, 'assets/images/product37d.jpg', '2024-12-18 11:01:31', '2024-12-18 11:01:31'),
	(40, 12, 1, 'assets/images/product38.jpg', '2024-12-18 11:15:56', '2024-12-18 11:15:56'),
	(41, 12, 0, 'assets/images/product38b.jpg', '2024-12-18 10:20:34', '2024-12-18 10:20:34'),
	(42, 12, 0, 'assets/images/product38c.jpg', '2024-12-18 10:25:00', '2024-12-01 10:25:00'),
	(43, 12, 0, 'assets/images/product38d.jpg', '2024-12-18 11:00:00', '2024-12-18 11:00:00'),
	(44, 13, 1, 'assets/images/product39.jpg', '2024-12-18 11:10:00', '2024-12-18 11:10:00'),
	(45, 13, 0, 'assets/images/product39b.jpg', '2024-12-18 09:00:00', '2024-12-18 09:00:00'),
	(46, 13, 0, 'assets/images/product39c.jpg', '2024-12-18 09:15:45', '2024-12-18 09:15:45'),
	(47, 13, 0, 'assets/images/product39d.jpg', '2024-12-18 10:02:08', '2024-12-18 10:02:08'),
	(48, 14, 1, 'assets/images/product40.jpg', '2024-12-18 10:20:30', '2024-12-18 10:20:30'),
	(49, 14, 0, 'assets/images/product40b.jpg', '2024-12-18 08:30:00', '2024-12-18 08:30:00'),
	(50, 14, 0, 'assets/images/product40c.jpg', '2024-12-18 08:45:20', '2024-12-18 08:45:20'),
	(51, 15, 1, 'assets/images/product41.jpg', '2024-12-18 09:02:23', '2024-12-18 09:02:23'),
	(52, 15, 0, 'assets/images/product41b.jpg', '2024-12-18 09:15:00', '2024-12-18 09:15:00'),
	(53, 15, 0, 'assets/images/product41c.jpg', '2024-12-18 08:00:45', '2024-12-18 08:00:45'),
	(54, 16, 1, 'assets/images/product42.jpg', '2024-12-18 08:20:12', '2024-12-18 08:20:12'),
	(55, 16, 0, 'assets/images/product42b.jpg', '2024-12-18 09:30:27', '2024-12-18 09:30:27'),
	(56, 16, 0, 'assets/images/product42c.jpg', '2024-12-18 09:42:09', '2024-12-18 09:42:09'),
	(57, 17, 1, 'assets/images/product43.jpg', '2024-12-18 10:18:16', '2024-12-18 10:18:16'),
	(58, 17, 0, 'assets/images/product43b.jpg', '2024-12-18 10:25:06', '2024-12-18 10:25:06'),
	(59, 17, 0, 'assets/images/product43c.jpg', '2024-12-18 11:01:31', '2024-12-18 11:01:31'),
	(60, 18, 1, 'assets/images/product44.jpg', '2024-12-18 11:15:56', '2024-12-18 11:15:56'),
	(61, 18, 0, 'assets/images/product44b.jpg', '2024-12-18 11:15:56', '2024-12-18 11:15:56'),
	(62, 18, 0, 'assets/images/product44c.jpg', '2024-12-18 11:15:56', '2024-12-18 11:15:56'),
	(63, 19, 1, 'assets/images/product45.jpg', '2024-12-18 11:15:56', '2024-12-18 11:15:56'),
	(64, 19, 0, 'assets/images/product45b.jpg', '2024-12-18 11:15:56', '2024-12-18 11:15:56'),
	(65, 19, 0, 'assets/images/product45c.jpg', '2024-12-18 11:15:56', '2024-12-18 11:15:56'),
	(66, 20, 1, 'assets/images/product46.jpg', '2024-12-18 11:15:56', '2024-12-18 11:15:56'),
	(67, 20, 0, 'assets/images/product46b.jpg', '2024-12-18 11:15:56', '2024-12-18 11:15:56'),
	(68, 20, 0, 'assets/images/product46c.jpg', '2024-12-18 11:15:56', '2024-12-18 11:15:56'),
	(69, 21, 1, 'assets/images/product47.jpg', '2024-12-18 11:15:56', '2024-12-18 11:15:56'),
	(70, 21, 0, 'assets/images/product47b.jpg', '2024-12-18 11:15:56', '2024-12-18 11:15:56'),
	(71, 21, 0, 'assets/images/product47c.jpg', '2024-12-18 11:15:56', '2024-12-18 11:15:56'),
	(72, 22, 1, 'assets/images/product48.jpg', '2024-12-18 11:15:56', '2024-12-18 11:15:56'),
	(73, 22, 0, 'assets/images/product48b.jpg', '2024-12-18 11:15:56', '2024-12-18 11:15:56'),
	(74, 22, 0, 'assets/images/product48c.jpg', '2024-12-18 11:15:56', '2024-12-18 11:15:56'),
	(75, 23, 1, 'assets/images/product49.jpg', '2024-12-18 11:15:56', '2024-12-18 11:15:56'),
	(76, 23, 0, 'assets/images/product49b.jpg', '2024-12-18 11:15:56', '2024-12-18 11:15:56'),
	(77, 23, 0, 'assets/images/product49c.jpg', '2024-12-18 11:15:56', '2024-12-18 11:15:56'),
	(78, 24, 1, 'assets/images/product50.jpg', '2024-12-18 11:15:56', '2024-12-18 11:15:56'),
	(79, 24, 0, 'assets/images/product50b.jpg', '2024-12-18 11:15:56', '2024-12-18 11:15:56'),
	(80, 24, 0, 'assets/images/product50c.jpg', '2024-12-18 11:15:56', '2024-12-18 11:15:56'),
	(81, 25, 1, 'assets/images/product51.jpg', '2024-12-18 11:15:56', '2024-12-18 11:15:56'),
	(82, 25, 0, 'assets/images/product51b.jpg', '2024-12-18 11:15:56', '2024-12-18 11:15:56'),
	(83, 25, 0, 'assets/images/product51c.jpg', '2024-12-18 11:15:56', '2024-12-18 11:15:56'),
	(84, 26, 1, 'assets/images/product52.jpg', '2024-12-18 11:15:56', '2024-12-18 11:15:56'),
	(85, 26, 0, 'assets/images/product52b.jpg', '2024-12-18 11:15:56', '2024-12-18 11:15:56'),
	(86, 26, 0, 'assets/images/product52c.jpg', '2024-12-18 11:15:56', '2024-12-18 11:15:56'),
	(87, 27, 1, 'assets/images/product53.jpg', '2024-12-18 11:15:56', '2024-12-18 11:15:56'),
	(88, 27, 0, 'assets/images/product53b.jpg', '2024-12-18 11:15:56', '2024-12-18 11:15:56'),
	(89, 27, 0, 'assets/images/product53c.jpg', '2024-12-18 11:15:56', '2024-12-18 11:15:56'),
	(90, 28, 1, 'assets/images/product54.jpg', '2024-12-18 11:15:56', '2024-12-18 11:15:56'),
	(91, 28, 0, 'assets/images/product54b.jpg', '2024-12-18 11:15:56', '2024-12-18 11:15:56'),
	(92, 28, 0, 'assets/images/product54c.jpg', '2024-12-18 11:15:56', '2024-12-18 11:15:56'),
	(93, 29, 1, 'assets/images/product55.jpg', '2024-12-18 11:15:56', '2024-12-18 11:15:56'),
	(94, 29, 0, 'assets/images/product55b.jpg', '2024-12-18 11:15:56', '2024-12-18 11:15:56'),
	(95, 29, 0, 'assets/images/product55c.jpg', '2024-12-18 11:15:56', '2024-12-18 11:15:56'),
	(96, 30, 1, 'assets/images/product56.jpg', '2024-12-18 11:15:56', '2024-12-18 11:15:56'),
	(97, 30, 0, 'assets/images/product56b.jpg', '2024-12-18 11:15:56', '2024-12-18 11:15:56'),
	(98, 30, 0, 'assets/images/product56c.jpg', '2024-12-18 11:15:56', '2024-12-18 11:15:56'),
	(99, 31, 1, 'assets/images/product57.jpg', '2024-12-18 11:15:56', '2024-12-18 11:15:56'),
	(100, 32, 1, 'assets/images/product58.jpg', '2024-12-18 11:15:56', '2024-12-18 11:15:56'),
	(101, 33, 1, 'assets/images/product59.jpg', '2024-12-18 11:15:56', '2024-12-18 11:15:56'),
	(102, 34, 1, 'assets/images/product60.jpg', '2024-12-18 11:15:56', '2024-12-18 11:15:56'),
	(103, 35, 1, 'assets/images/product61.jpg', '2024-12-18 11:15:56', '2024-12-18 11:15:56'),
	(104, 36, 1, 'assets/images/product62.jpg', '2024-12-18 11:15:56', '2024-12-18 11:15:56'),
	(105, 37, 1, 'assets/images/product63.jpg', '2024-12-18 11:15:56', '2024-12-18 11:15:56'),
	(106, 38, 1, 'assets/images/product64.jpg', '2024-12-18 11:15:56', '2024-12-18 11:15:56'),
	(107, 39, 1, 'assets/images/product65.jpg', '2024-12-18 11:15:56', '2024-12-18 11:15:56'),
	(108, 40, 1, 'assets/images/product66.jpg', '2024-12-18 11:15:56', '2024-12-18 11:15:56'),
	(109, 41, 1, 'assets/images/product67.jpg', '2024-12-18 11:15:56', '2024-12-18 11:15:56'),
	(110, 42, 1, 'assets/images/product68.jpg', '2024-12-18 11:15:56', '2024-12-18 11:15:56'),
	(111, 43, 1, 'assets/images/product69.jpg', '2024-12-18 11:15:56', '2024-12-18 11:15:56'),
	(112, 44, 1, 'assets/images/product70.jpg', '2024-12-18 11:15:56', '2024-12-18 11:15:56'),
	(113, 45, 1, 'assets/images/product71.jpg', '2024-12-18 11:15:56', '2024-12-18 11:15:56'),
	(114, 46, 1, 'assets/images/product72.jpg', '2024-12-18 11:15:56', '2024-12-18 11:15:56'),
	(115, 47, 1, 'assets/images/product73.jpg', '2024-12-18 11:15:56', '2024-12-18 11:15:56'),
	(116, 48, 1, 'assets/images/product74.jpg', '2024-12-18 11:15:56', '2024-12-18 11:15:56'),
	(117, 49, 1, 'assets/images/product75.jpg', '2024-12-18 11:15:56', '2024-12-18 11:15:56'),
	(118, 50, 1, 'assets/images/product76.jpg', '2024-12-18 11:15:56', '2024-12-18 11:15:56'),
	(119, 51, 1, 'assets/images/product77.jpg', '2024-12-18 11:15:56', '2024-12-18 11:15:56'),
	(120, 52, 1, 'assets/images/product78.jpg', '2024-12-18 11:15:56', '2024-12-18 11:15:56'),
	(121, 53, 1, 'assets/images/product79.jpg', '2024-12-18 11:15:56', '2024-12-18 11:15:56'),
	(122, 54, 1, 'assets/images/product80.jpg', '2024-12-18 11:15:56', '2024-12-18 11:15:56'),
	(123, 55, 1, 'assets/images/product81.jpg', '2024-12-18 11:15:56', '2024-12-18 11:15:56'),
	(124, 56, 1, 'assets/images/product82.jpg', '2024-12-18 11:15:56', '2024-12-18 11:15:56'),
	(125, 57, 1, 'assets/images/product83.jpg', '2024-12-18 11:15:56', '2024-12-18 11:15:56'),
	(126, 58, 1, 'assets/images/product84.jpg', '2024-12-18 11:15:56', '2024-12-18 11:15:56'),
	(127, 59, 1, 'assets/images/product85.jpg', '2024-12-18 11:15:56', '2024-12-18 11:15:56'),
	(128, 60, 1, 'assets/images/product86.jpg', '2024-12-18 11:15:56', '2024-12-18 11:15:56'),
	(129, 61, 1, 'assets/images/product87.jpg', '2024-12-18 11:15:56', '2024-12-18 11:15:56'),
	(130, 62, 1, 'assets/images/product88.jpg', '2024-12-18 11:15:56', '2024-12-18 11:15:56'),
	(131, 63, 1, 'assets/images/product89.jpg', '2024-12-18 11:15:56', '2024-12-18 11:15:56'),
	(132, 64, 1, 'assets/images/product90.jpg', '2024-12-18 11:15:56', '2024-12-18 11:15:56'),
	(133, 65, 1, 'assets/images/product91.jpg', '2024-12-18 11:15:56', '2024-12-18 11:15:56'),
	(134, 66, 1, 'assets/images/product92.jpg', '2024-12-18 11:15:56', '2024-12-18 11:15:56'),
	(135, 67, 1, 'assets/images/product93.jpg', '2024-12-18 11:15:56', '2024-12-18 11:15:56'),
	(136, 68, 1, 'assets/images/product94.jpg', '2024-12-18 11:15:56', '2024-12-18 11:15:56'),
	(137, 69, 1, 'assets/images/product95.jpg', '2024-12-18 11:15:56', '2024-12-18 11:15:56'),
	(138, 70, 1, 'assets/images/product96.jpg', '2024-12-18 11:15:56', '2024-12-18 11:15:56'),
	(139, 71, 1, 'assets/images/product97.jpg', '2024-12-18 11:15:56', '2024-12-18 11:15:56'),
	(140, 72, 1, 'assets/images/product98.jpg', '2024-12-18 11:15:56', '2024-12-18 11:15:56'),
	(141, 73, 1, 'assets/images/product99.jpg', '2024-12-18 11:15:56', '2024-12-18 11:15:56'),
	(142, 74, 1, 'assets/images/product100.jpg', '2024-12-18 11:15:56', '2024-12-18 11:15:56'),
	(143, 75, 1, 'assets/images/product101.jpg', '2024-12-18 11:15:56', '2024-12-18 11:15:56'),
	(144, 76, 1, 'assets/images/product102.jpg', '2024-12-18 11:15:56', '2024-12-18 11:15:56'),
	(145, 77, 1, 'assets/images/product103.jpg', '2024-12-18 11:15:56', '2024-12-18 11:15:56'),
	(146, 78, 1, 'assets/images/product104.jpg', '2024-12-18 11:15:56', '2024-12-18 11:15:56'),
	(147, 79, 1, 'assets/images/product105.jpg', '2024-12-18 11:15:56', '2024-12-18 11:15:56'),
	(148, 80, 1, 'assets/images/product106.jpg', '2024-12-18 11:15:56', '2024-12-18 11:15:56'),
	(149, 81, 1, 'assets/images/product107.jpg', '2024-12-18 11:15:56', '2024-12-18 11:15:56'),
	(150, 82, 1, 'assets/images/product108.jpg', '2024-12-18 11:15:56', '2024-12-18 11:15:56'),
	(151, 83, 1, 'assets/images/product109.jpg', '2024-12-18 11:15:56', '2024-12-18 11:15:56'),
	(152, 84, 1, 'assets/images/product110.jpg', '2024-12-18 11:15:56', '2024-12-18 11:15:56'),
	(153, 85, 1, 'assets/images/product111.jpg', '2024-12-18 11:15:56', '2024-12-18 11:15:56'),
	(154, 86, 1, 'assets/images/product112.jpg', '2024-12-18 11:15:56', '2024-12-18 11:15:56'),
	(155, 87, 1, 'assets/images/product113.jpg', '2024-12-18 11:15:56', '2024-12-18 11:15:56'),
	(156, 88, 1, 'assets/images/product114.jpg', '2024-12-18 11:15:56', '2024-12-18 11:15:56'),
	(157, 87, 1, 'assets/images/product115.jpg', '2024-12-18 11:15:56', '2024-12-18 11:15:56'),
	(158, 88, 1, 'assets/images/product116.jpg', '2024-12-18 11:15:56', '2024-12-18 11:15:56'),
	(159, 89, 1, 'assets/images/product117.jpg', '2024-12-18 11:15:56', '2024-12-18 11:15:56'),
	(160, 90, 1, 'assets/images/product118.jpg', '2024-12-18 11:15:56', '2024-12-18 11:15:56'),
	(161, 91, 1, 'assets/images/product119.jpg', '2024-12-18 11:15:56', '2024-12-18 11:15:56'),
	(162, 92, 1, 'assets/images/product120.jpg', '2024-12-18 11:15:56', '2024-12-18 11:15:56'),
	(163, 93, 1, 'assets/images/product121.jpg', '2024-12-18 11:15:56', '2024-12-18 11:15:56'),
	(164, 94, 1, 'assets/images/product122.jpg', '2024-12-18 11:15:56', '2024-12-18 11:15:56'),
	(165, 95, 1, 'assets/images/product123.jpg', '2024-12-18 11:15:56', '2024-12-18 11:15:56'),
	(166, 96, 1, 'assets/images/product124.jpg', '2024-12-18 11:15:56', '2024-12-18 11:15:56'),
	(167, 97, 1, 'assets/images/product125.jpg', '2024-12-18 11:15:56', '2024-12-18 11:15:56'),
	(168, 98, 1, 'assets/images/product126.jpg', '2024-12-18 11:15:56', '2024-12-18 11:15:56'),
	(169, 99, 1, 'assets/images/product127.jpg', '2024-12-18 11:15:56', '2024-12-18 11:15:56'),
	(170, 100, 1, 'assets/images/product128.jpg', '2024-12-18 11:15:56', '2024-12-18 11:15:56'),
	(171, 101, 1, 'assets/images/product129.jpg', '2024-12-18 11:15:56', '2024-12-18 11:15:56'),
	(172, 102, 1, 'assets/images/product130.jpg', '2024-12-18 11:15:56', '2024-12-18 11:15:56'),
	(173, 103, 1, 'assets/images/product131.jpg', '2024-12-18 11:15:56', '2024-12-18 11:15:56'),
	(174, 104, 1, 'assets/images/product132.jpg', '2024-12-18 11:15:56', '2024-12-18 11:15:56'),
	(175, 105, 1, 'assets/images/product133.jpg', '2024-12-18 11:15:56', '2024-12-18 11:15:56'),
	(176, 106, 1, 'assets/images/product134.jpg', '2024-12-18 11:15:56', '2024-12-18 11:15:56'),
	(177, 107, 1, 'assets/images/product135.jpg', '2024-12-18 11:15:56', '2024-12-18 11:15:56'),
	(178, 108, 1, 'assets/images/product136.jpg', '2024-12-18 11:15:56', '2024-12-18 11:15:56'),
	(179, 109, 1, 'assets/images/product137.jpg', '2024-12-18 11:15:56', '2024-12-18 11:15:56'),
	(180, 110, 1, 'assets/images/product138.jpg', '2024-12-18 11:15:56', '2024-12-18 11:15:56'),
	(181, 111, 1, 'assets/images/product139.jpg', '2024-12-18 11:15:56', '2024-12-18 11:15:56'),
	(182, 112, 1, 'assets/images/product140.jpg', '2024-12-18 11:15:56', '2024-12-18 11:15:56'),
	(183, 113, 1, 'assets/images/product141.jpg', '2024-12-18 11:15:56', '2024-12-18 11:15:56'),
	(184, 114, 1, 'assets/images/product142.jpg', '2024-12-18 11:15:56', '2024-12-18 11:15:56'),
	(185, 115, 1, 'assets/images/product143.jpg', '2024-12-18 11:15:56', '2024-12-18 11:15:56'),
	(186, 116, 1, 'assets/images/product144.jpg', '2024-12-18 11:15:56', '2024-12-18 11:15:56'),
	(187, 117, 1, 'assets/images/product145.jpg', '2024-12-17 11:15:56', '2024-12-17 11:16:01'),
	(188, 118, 1, 'assets/images/product146.jpg', '2024-12-17 11:15:56', '2024-12-17 11:15:56'),
	(189, 119, 1, 'assets/images/product147.jpg', '2024-12-18 11:15:56', '2024-12-19 11:15:56'),
	(190, 120, 1, 'assets/images/product148.jpg', '2024-12-16 11:15:56', '2024-12-16 12:15:56'),
	(191, 121, 1, 'assets/images/product149.jpg', '2024-12-18 11:15:56', '2024-12-18 11:15:56'),
	(192, 122, 1, 'assets/images/product150.jpg', '2024-12-18 11:15:56', '2024-12-18 11:15:56'),
	(193, 123, 1, 'assets/images/product151.jpg', '2024-12-18 11:15:56', '2024-12-18 11:15:56'),
	(194, 124, 1, 'assets/images/product152.jpg', '2024-12-18 11:15:56', '2024-12-18 11:15:56'),
	(195, 125, 1, 'assets/images/product153.jpg', '2024-12-18 11:15:56', '2024-12-18 11:15:56'),
	(196, 126, 1, 'assets/images/product154.jpg', '2024-12-18 11:15:56', '2024-12-18 11:15:56'),
	(197, 127, 1, 'assets/images/product155.jpg', '2024-12-18 11:15:56', '2024-12-18 11:15:56'),
	(198, 128, 1, 'assets/images/product156.jpg', '2024-12-18 11:15:56', '2024-12-18 11:15:56'),
	(199, 129, 1, 'assets/images/product157.jpg', '2024-12-18 11:15:56', '2024-12-18 11:15:56'),
	(200, 130, 1, 'assets/images/product158.jpg', '2024-12-18 11:15:56', '2024-12-18 11:15:56'),
	(201, 131, 1, 'assets/images/product159.jpg', '2024-12-18 11:15:56', '2024-12-18 11:15:56'),
	(202, 132, 1, 'assets/images/product160.jpg', '2024-12-18 11:15:56', '2024-12-18 11:15:56'),
	(203, 133, 1, 'assets/images/product161.jpg', '2024-12-18 11:15:56', '2024-12-18 11:15:56'),
	(204, 134, 1, 'assets/images/product162.jpg', '2024-12-18 11:15:56', '2024-12-18 11:15:56'),
	(205, 135, 1, 'assets/images/product163.jpg', '2024-12-18 11:15:56', '2024-12-18 11:15:56'),
	(206, 136, 1, 'assets/images/product164.jpg', '2024-12-18 11:15:56', '2024-12-18 11:15:56'),
	(207, 137, 1, 'assets/images/product165.jpg', '2024-12-18 11:15:56', '2024-12-18 11:15:56'),
	(208, 138, 1, 'assets/images/product166.jpg', '2024-12-18 11:15:56', '2024-12-18 11:15:56'),
	(209, 139, 1, 'assets/images/product167jpg', '2024-12-18 11:15:56', '2024-12-18 11:15:56'),
	(210, 140, 1, 'assets/images/product168.jpg', '2024-12-18 11:15:56', '2024-12-18 11:15:56'),
	(211, 141, 1, 'assets/images/product169.jpg', '2024-12-18 11:15:56', '2024-12-18 11:15:56'),
	(212, 142, 1, 'assets/images/product170.jpg', '2024-12-18 11:15:56', '2024-12-18 11:15:56'),
	(213, 143, 1, 'assets/images/product171.jpg', '2024-12-18 11:15:56', '2024-12-18 11:15:56'),
	(214, 144, 1, 'assets/images/product172.jpg', '2024-12-18 11:15:56', '2024-12-18 11:15:56'),
	(215, 145, 1, 'assets/images/product173.jpg', '2024-12-18 11:15:56', '2024-12-18 11:15:56'),
	(216, 146, 1, 'assets/images/product174.jpg', '2024-12-18 11:15:56', '2024-12-18 11:15:56'),
	(217, 147, 1, 'assets/images/product175.jpg', '2024-12-18 11:15:56', '2024-12-18 11:15:56'),
	(218, 148, 1, 'assets/images/product176.jpg', '2024-12-18 11:15:56', '2024-12-18 11:15:56'),
	(219, 149, 1, 'assets/images/product177.jpg', '2024-12-18 11:15:56', '2024-12-18 11:15:56'),
	(220, 150, 1, 'assets/images/product178.jpg', '2024-12-18 11:15:56', '2024-12-18 11:15:56'),
	(221, 151, 1, 'assets/images/product179.jpg', '2024-12-18 11:15:56', '2024-12-18 11:15:56');

-- Dumping structure for table web_eyestyle.users
CREATE TABLE IF NOT EXISTS `users` (
  `id` int(11) NOT NULL,
  `name` varchar(255) DEFAULT NULL,
  `email` varchar(255) DEFAULT NULL,
  `password` varchar(255) DEFAULT NULL,
  `phone` varchar(255) DEFAULT NULL,
  `address` varchar(255) DEFAULT NULL,
  `status` int(11) DEFAULT NULL,
  `created_at` datetime DEFAULT NULL,
  `updated_at` datetime DEFAULT NULL,
  PRIMARY KEY (`id`)
) ENGINE=InnoDB DEFAULT CHARSET=utf8mb4 COLLATE=utf8mb4_general_ci;

-- Dumping data for table web_eyestyle.users: ~16 rows (approximately)
INSERT INTO `users` (`id`, `name`, `email`, `password`, `phone`, `address`, `status`, `created_at`, `updated_at`) VALUES
	(1, 'Nguyễn Văn An', 'annguyen@gmail.com', 'password123', '0912345678', 'Số 12, Đường Nguyễn Trãi, Hà Nội', 1, '2024-12-01 08:30:56', '2024-12-01 09:30:08'),
	(2, 'Trần Thị Hoa', 'hoatran@gmail.com', 'hoa2024', '0934567890', 'Số 25, Đường Lê Lợi, Hồ Chí Minh', 1, '2024-12-02 09:12:00', '2024-12-02 09:30:00'),
	(3, 'Lê Minh Tâm', 'tamle@gmail.com', 'minhtam789', '0978123456', 'Số 30, Đường Trần Phú, Đà Nẵng', 1, '2024-12-03 10:15:34', '2024-12-03 10:15:34'),
	(4, 'Phạm Thị Cúc', 'cucpham@gmail.com', 'cuc12345', '0965432187', 'Số 15, Đường Nguyễn Văn Linh, Cần Thơ', 0, NULL, NULL),
	(5, 'Hoàng Văn Hải', 'haihoang@gmail.com', 'hoanghai456', '0945678901', 'Số 45, Đường Hùng Vương, Nha Trang', 1, '2024-12-05 12:45:00', '2024-12-05 12:45:00'),
	(6, 'Đặng Hồng Nhung', 'nhungdang@gmail.com', 'nhung2024', '0983214567', 'Số 8, Đường Nguyễn Huệ, Huế', 1, '2024-12-06 13:20:30', '2024-12-06 13:20:30'),
	(7, 'Võ Quang Huy', 'huyvo@gmail.com', 'quanghuy321', '0905671234', 'Số 12, Đường Lạch Tray, Hải Phòng', 1, '2024-12-07 14:30:16', '2024-12-07 14:30:16'),
	(8, 'Ngô Thị Mai', 'maingo@gmail.com', 'ngomai654', '0932145678', 'Số 50, Đường Trần Hưng Đạo, Quảng Nam', 0, NULL, NULL),
	(9, 'Bùi Thanh Sơn', 'sonbui@gmail.com', 'thanhson123', '0912348765', 'Số 65, Đường Cách Mạng Tháng Tám, Bình Dương', 1, '2024-12-09 16:19:56', '2024-12-09 16:19:56'),
	(10, 'Phan Nhật Ánh', 'anhphan@gmail.com', 'nhatanh789', '0945678123', 'Số 20, Đường Phạm Văn Đồng, Vũng Tàu', 1, '2024-12-10 17:30:10', '2024-12-10 17:30:10'),
	(11, 'Lý Thị Hồng', 'hongly@gmail.com', 'hongly456', '0921345678', 'Số 5, Đường Hà Huy Tập, Hà Tĩnh', 1, '2024-12-11 18:20:00', '2024-12-11 18:20:00'),
	(12, 'Trịnh Văn Lâm', 'lamtrinh@gmail.com', 'lamvan123', '0908765432', 'Số 17, Đường Bà Triệu, Thanh Hóa', 1, '2024-12-12 19:40:47', '2024-12-12 19:40:47'),
	(13, 'Đỗ Ngọc Bảo', 'baodo@gmail.com', 'ngocbao987', '0932146789', 'Số 34, Đường Lý Thường Kiệt, Nam Định', 0, NULL, NULL),
	(14, 'Phạm Thanh Hà', 'hapham@gmail.com', 'phamha456', '0943215678', 'Số 7, Đường Nguyễn Thị Minh Khai, Thái Nguyên', 1, '2024-12-14 21:50:39', '2024-12-14 21:50:39'),
	(15, 'Nguyễn Hoàng Minh', 'minhnguyen@gmail.com', 'hoangminh123', '0987654321', 'Số 90, Đường Bắc Ninh, Bắc Ninh', 1, '2024-12-15 22:30:18', '2024-12-15 22:30:18'),
	(16, 'Cao Thị Hương', 'huongcao@gmail.com', 'huongcao654', '0934567891', 'Số 100, Đường Hồ Tùng Mậu, Nghệ An', 1, '2024-12-16 23:00:56', '2024-12-16 23:00:56');

-- Dumping structure for table web_eyestyle.users_types
CREATE TABLE IF NOT EXISTS `users_types` (
  `id` int(11) NOT NULL,
  `user_id` int(11) DEFAULT NULL,
  `user_type_id` int(11) DEFAULT NULL,
  PRIMARY KEY (`id`),
  KEY `user_id` (`user_id`),
  KEY `user_type_id` (`user_type_id`),
  CONSTRAINT `users_types_ibfk_1` FOREIGN KEY (`user_id`) REFERENCES `users` (`id`),
  CONSTRAINT `users_types_ibfk_2` FOREIGN KEY (`user_type_id`) REFERENCES `user_type` (`id`)
) ENGINE=InnoDB DEFAULT CHARSET=utf8mb4 COLLATE=utf8mb4_general_ci;

-- Dumping data for table web_eyestyle.users_types: ~16 rows (approximately)
INSERT INTO `users_types` (`id`, `user_id`, `user_type_id`) VALUES
	(1, 1, 1),
	(2, 2, 2),
	(3, 3, 2),
	(4, 4, 2),
	(5, 5, 2),
	(6, 6, 2),
	(7, 7, 2),
	(8, 8, 2),
	(9, 9, 2),
	(10, 10, 2),
	(11, 11, 2),
	(12, 12, 2),
	(13, 13, 2),
	(14, 14, 2),
	(15, 15, 2),
	(16, 16, 2);

-- Dumping structure for table web_eyestyle.user_type
CREATE TABLE IF NOT EXISTS `user_type` (
  `id` int(11) NOT NULL,
  `name` varchar(255) DEFAULT NULL,
  `description` varchar(255) DEFAULT NULL,
  PRIMARY KEY (`id`)
) ENGINE=InnoDB DEFAULT CHARSET=utf8mb4 COLLATE=utf8mb4_general_ci;

-- Dumping data for table web_eyestyle.user_type: ~2 rows (approximately)
INSERT INTO `user_type` (`id`, `name`, `description`) VALUES
	(1, 'Admin', 'Quản trị viên có quyền quản lý toàn bộ hệ thống, bao gồm quản lý đơn hàng, sản phẩm và thông tin khách hàng.'),
	(2, 'User', 'Người dùng bình thường có quyền mua hàng và xem các sản phẩm, không có quyền quản lý hệ thống hay dữ liệu khách hàng.');

/*!40103 SET TIME_ZONE=IFNULL(@OLD_TIME_ZONE, 'system') */;
/*!40101 SET SQL_MODE=IFNULL(@OLD_SQL_MODE, '') */;
/*!40014 SET FOREIGN_KEY_CHECKS=IFNULL(@OLD_FOREIGN_KEY_CHECKS, 1) */;
/*!40101 SET CHARACTER_SET_CLIENT=@OLD_CHARACTER_SET_CLIENT */;
/*!40111 SET SQL_NOTES=IFNULL(@OLD_SQL_NOTES, 1) */;
